-0.27059890487298394,-1.4435740515297995,-0.7104374176839692,-1.226399034459127,2.6312232306461545,1.2563577958141599,-1.0643163493541477,1.3042208346251454,1.6281470986001005,0.30409642983220286,-2.2921998705189557,0.0785232724981142,0.7214123728697466,0.26607956025250074,-2.1550689282067195,-0.14032373530271475,-0.24049465227776376,-0.08456428449337859,0.4983556708603303,-0.8862353390506091,-0.6770330003762545,0.11601750439826304,-0.1560707255667641,-0.3028247139706771,-0.6478705861119652,0.5504112594562744,0.030794832762280316,-1.1833079138138696,-0.42111076581344,0.26396944744803397,-2.9719021561789707,1.5702613710556148,-0.5587782208047402,-1.5939774996584626,0.3974183382690859,-1.073762617590901,0.538607991624168,-0.8273321355007873,0.16704813648531583,0.5734322450094511,1.0272315232709939,-0.2170395087387946,-0.8406157325227227,-0.00787381438161707,0.015901773695526214,-0.276176237100446,0.48169309649598363,0.8599858030326313,-1.5403935556842538,-0.8770098158047058,1.736430680065224,-0.11296764775136015,-0.3167927978841002,-0.39107249755983486,0.22730414616349418,0.7052619951527751,1.2710962140708117,-0.37546832658230106,0.14850343404726773,-0.5889794549273958,1.174613733988955,0.040719910888673536,0.1291002925238508,-1.7198278345070734,-0.16193322663332194,0.4326311933609665,-0.45310801893973823,0.8076527156013074,-0.6254334866175525,-1.920389488898831,-0.41381910502168506,0.42232745418765844,0.26631368263421074,-0.40451436549188063,0.3752138265244615,1.0859927961490576,0.10858967645895853,-1.9250680696967675,-0.15154409887503012,-0.611415770167933,0.12455026108630146,0.1464113652381892,0.9976832125134363,-1.8232935048144718,0.4485325739832913,0.9622531683991762,-1.0963448243050176,-0.9476287851287709,-0.32963910190093293,-1.3530951777413096,0.7826595903348661,0.16173555591024957,0.8850983800397471,1.0897881429010072,0.18011998413686073,-0.4364237238238943,-1.4624466709007773,-1.7928790833369608,0.26000902892222943,0.9920843151660609,-0.08590627930615007,-1.5654583886288946,0.4856520650918402,-0.49223025590270925,1.5213534643739046,1.2704104081399743,1.8946115817342877,0.544592723044397,0.37000424710164176,0.6369518933902661,0.32499956527652774,-0.11795685050755463,1.4716020733031687,0.7014640261865256,0.16720308594279756,-0.12003745392605261,-1.4005009823421106,-0.06897156432742924,-1.7584891576724395,0.5489659668661152,-0.3117193614672095,-1.1234148462380875,-0.09427641823899019,0.0507217278940431,-1.6534773708685162,1.364401096405201,-0.23593385064755037,-0.2294172201182547,-0.45545292274522337,1.6111126636935185,-2.1908980628691617,-0.2710748171456277,-1.0712417904715545,0.738572323383774,1.1018826071092231,-1.0716191677277764,0.7098364566173875,0.873248787939246,-0.4150622636364758,-0.26437878360483774,0.10827245667708178,0.9650667154630919,-0.6089251057481011,1.2727798240448824,1.5979420924196421,1.2560357112942602,-0.3752304783226105,0.15410163538597635,0.6592790295956278,-0.26740063877494696,-0.7355170136259926,-0.3272611007075585,0.8550227544674035,0.062348667276033214,-0.986624122793939,-0.7987111555051454,-1.0659598848318235,-2.2004474133444654,0.3641684579503996,1.1053045985656418,0.6178006776424118,1.7084588548995387,-0.5648752897181304,2.4237402170594105,-1.1838738821758161,-0.055042122672664465,0.051654224084485195,0.29222028151015167,1.3042508198067635,1.3417215492771624,-0.13873170219505584,0.31947852437706786,-0.15452485637547486,-0.09889615426717023,0.6641307931047998,-0.5070237166522468,0.4563525005509521,0.13924973551708336,0.22942566095999783,1.7190409006913192,0.23696365506567693,0.6570617514879519,0.12233379719247876,-0.29388224212665304,0.12681935369275088,-1.0000286209621185,-0.2269453292935414,2.2405355899453956,-0.11926848099318063,0.260195913135888,-1.4987954123576712,1.7556204971893452,0.486907605956504,-0.18264047988588117,0.6094022410157091,-0.49190721654928077,0.4055470849359439,-0.49159219579052116
-0.6466524900342601,-0.14794164838409718,-1.3849039790917794,-0.18218479036373708,0.28753783350847645,2.0126232019132066,-0.4861138638375718,-0.4737995439184688,1.351065878088354,1.5735945188903777,1.124453217438507,0.4574366611078535,1.1050075821116125,0.19348090196837428,0.23326451462480097,-1.2548775411325601,1.074799594432534,0.2995337077580368,0.2549998440313314,0.09116462897057166,1.3244624853589397,0.1714600343045157,-1.0363302469299247,-0.2294363379215947,-0.725379720185189,-0.49588581897437833,-0.8766660509168733,0.5491906200365871,0.03393967909043407,0.6467248273236184,1.992877774155372,-0.20742135842507,0.7860420757408293,-0.6695641318964797,0.020430180308335405,1.0357482882605367,1.3456340240120528,1.9067172098077432,0.3871432779725045,0.3917933909126409,-0.6582501695011097,0.5026475152407984,-1.7588059189859802,1.3960657530995935,2.690402996966413,0.7448164073513421,0.32231072036799113,0.5205432121140529,0.7679568659985856,0.39373716423332883,-0.09775257833502089,1.217359676476247,-0.023624534731146014,0.332455625361278,-1.2444767944828619,0.16785891069186623,-1.3621827872659873,0.7915276133909537,-0.3383358034244191,-0.9202546528855842,-0.23250505136265395,-0.2687453782421256,0.32177902687149257,0.5345364717794148,-2.793128151105935,1.318201449096397,0.5262358263805798,-1.1137621734402792,-0.7544771415190168,1.6688086408603182,0.5133845169260038,0.1497631483898976,0.1749418558801241,-0.4092551691511907,0.22897575262843692,1.2707002987594715,0.3221925968553355,-0.24018735902294583,0.8803341962150237,-0.3896274201704651,0.3792632028775222,-1.5647338520195098,-0.06531234719379382,-0.24791276256500278,0.864063120017399,0.5549412755856062,-1.0161328351390275,1.5922300600105663,1.1648478311592414,0.7744210851785686,1.3163741042976131,0.5687988541987773,-0.02692588543761384,-0.7011361200628066,-0.6510971466218892,-1.377401545980332,-0.4308853041228939,-0.0507987847786374,-0.46726622141215113,-0.9719826338123522,1.507770923296123,1.6218327494190465,0.5809744581735207,-0.8272080116307421,0.4929231771730525,-0.6636205575815559,0.24816705050998705,0.3939972619652409,-0.1943117838351,0.20152024885508193,-0.36870702517813236,-1.3043695742508818,0.3617666432254741,-1.4704837494058207,-0.10262828810173523,0.3957446030498238,-1.2359196550928642,0.4034161151541194,0.1677820200196729,0.030716291320866118,0.27098815184584896,-0.1874857457535176,-0.5803352185548236,0.20792975668046101,0.032532435101928776,-0.236635822778831,-1.196869379292805,-0.4488089897961068,-1.5207810371945163,0.26801679423071195,-0.37509386480996154,2.781157443441426,-0.5121270637101204,1.40573803001555,-0.2792048844230744,1.8425613855681613,-1.2464829713610748,-0.741310744137653,0.48609059881913236,-0.28383819329601384,-0.020212691604245377,0.34742531866456133,-0.022540053038873006,1.262371996478605,-1.5821047835200472,0.3716643885592877,-0.5331329114226749,-0.32603954350108344,-0.3218580551897149,-0.371851275477327,-1.0611538266536866,-1.6736291110218708,0.1493247118517182,-0.8971803791262156,0.5953931980394332,0.6379534602955038,0.5461341479747277,-1.9727020126735482,0.4486580855737572,1.2523889978573592,0.22821210574710096,-0.329060884523543,0.9896535509924486,0.9145859075932121,-1.2857371363524803,0.7070621442797344,-0.2231052913994913,-0.004751397704924948,0.25897670620560376,-0.42082889697466286,0.22947359386392513,1.9121093951276513,2.204276867621798,0.5823648564167901,0.7856636013642879,-0.3391447719090999,0.26236283799231946,-1.2205961417796525,-0.71697521502202,1.7431921582719114,-0.6214921211137415,1.9227667330006972,0.8928032998772167,0.025869864861370277,0.28253580113957066,-0.5514967135427822,1.3349426358444358,1.5468046239849904,1.209320207748174,-0.5755018711096891,-0.22013886610326722,-1.200168333928914,0.23989519639992615,0.21629018845861983,-1.1853416744209955,0.2895170765535787,-0.2227427589670037,-0.22649044719082648
0.45297129803326647,1.0283191380487557,-0.546075463894642,-2.03324003101842,0.8186329156602932,-0.09161077895264828,-0.6574343940363984,0.787046927163669,0.8178373347044466,0.4756595709735272,-0.4797992649176808,0.6074511821520978,0.2395220308853938,-0.6392819569599886,-0.4371077578902021,-1.7194973945126992,0.1513138044183563,-0.870144385605804,0.5581040891050814,-1.9379578160072184,-0.8542651165611413,-0.8007199637453406,-1.544766885293158,-0.09150696592602028,1.003883288943779,2.1697208901716816,-0.3161838175229828,0.04393070413967791,0.31115080411201296,0.21654863360500293,2.9845251725198927,-0.13738510828970318,-0.8456824873100705,0.6678057953064306,-0.2128429542410825,0.6773517576765472,0.1915539592814035,-0.7728493352460248,0.4496864242377454,0.0031551901164807057,-0.048103389432908525,-0.19207066918581395,-0.9945695235316601,-0.7568195438341399,0.9803547542895499,1.1462897555284355,1.8703994040913667,-0.339792794381276,-0.7491646062272928,-0.30452607157970113,-0.7893061734013382,0.5758910813385094,1.10011292969013,0.6084521839338229,0.2589564163490674,2.4770295886324813,-0.8665736721516134,-0.8386576079244629,-0.7035551637485535,-0.6006526267721828,0.3805803031853249,-1.0803531672431137,0.7486121617905575,-0.7287751553231325,1.3406087257411305,-1.4721754981263215,0.30129280535807634,0.26572192601922606,0.766468115311578,0.9627217404842091,-0.8941372565419061,0.5263469528640435,-0.31349860294781173,0.5502402368353057,0.3697366490906465,-0.7424463079270254,-0.717025589928813,-1.0225869440509798,0.6860892597627807,0.4380912202192728,-0.6651658591445945,0.1833033375023387,-1.1424534708511689,-0.8483110330649621,-1.605975168464298,-1.4443196164810719,1.2008760633389706,-0.7839869994360006,0.18969332098745417,-2.7981027527312463,-1.718374497775036,-0.2596070154091419,0.8896975700282891,-0.819286205054545,0.3290724573459157,-0.592049131487729,-0.46204104057107487,0.4720396590612307,-0.6113352984541786,0.39214868284253646,0.9249290812569781,-0.8922833092934686,-0.5474363813743258,-1.2958716066762992,1.0642836327605227,-0.41383760234564937,-0.9778622596257066,0.5979737727392814,0.7213765640117444,-1.0639739207092687,-0.27760625689636126,0.1875426792917891,1.3694187862802065,-0.011158372117080576,-1.1812050213612206,-0.019160396005824164,-1.0282537597798707,-0.8127380529891022,-0.17529239406988797,-0.1363090087078536,1.0733952294949358,1.1414112462244772,-0.48313604708644575,-0.6697260090630757,0.33000763133330213,2.3421077423369527,0.06452608616240034,-1.5110608237943481,0.8844095996549318,1.0458788460905926,0.7178127110386017,0.6628590872308187,1.5767940946315981,0.6514403177794462,-1.220149202300461,-1.267845221871163,1.9223374981976769,0.05378302170032431,2.1132624581144444,1.2699847905582853,0.19967143779826524,0.20782285651342755,0.05773568749729941,1.9181255372642503,0.6344901797522244,-0.8645715820194576,0.192783255917508,1.8075845026410113,0.7258321256540821,1.1915378263787126,-0.20358013782984088,0.3040875617339883,0.09356345144390704,0.5802565592823232,-0.34331222661301325,1.6786892590928966,-1.26510190215032,0.8751366208457793,0.655362400288157,0.45829583846440897,-1.6629057233337365,-2.2333013938734205,0.2593810354845921,-0.13112857005999382,-1.5241276600327944,-1.1622227141684658,-1.1674016279047223,-0.048046539934508074,0.13574048387490545,-1.258214354605424,-1.7479188875363199,-0.7555231463853304,0.6496667758544938,-0.09708750102416955,-0.9464852223020221,-1.685153628696848,-0.6892465757000796,1.8825105192100948,0.6187688362751239,1.160635413989716,-0.1937077695783533,-0.33029073129328085,-1.4115255871604684,-2.0487228702194433,-0.5387226538275062,-0.2960033272315612,-0.3672610114750311,1.4496691980768137,-0.8606547107008826,1.6525681772741834,-0.9484123520723393,0.5473865551696272,0.4157835254642978,0.9895410070494811,1.3620258599047614,0.6698882222411735,-0.5690726841928953,1.1045026818329076
1.429077427091362,0.6360396970272874,-0.19276995052919668,-0.20470373301272848,1.174489610896853,-0.03397121947483996,0.8199448756941152,-0.8234643382985739,0.39004775743609527,-0.7416328807872222,0.7578112107159114,0.08468230135714684,-0.31488396565161686,0.32663701339534684,1.4251034170788057,-0.6648498877948724,-0.24423785763521455,1.0375632623109832,-0.22761639913748055,1.0826382989684897,0.04729623744443826,-0.543122950665796,1.0701510062108428,0.08278161421200105,0.6065459407066778,0.9264573845900204,-0.7555264924415125,1.2762919965566337,-0.6776820773096273,-0.9217862536416731,2.389901009692972,-0.6559523888302413,-1.2539900248105464,0.4214682578037066,-0.2651243265197743,0.47386027555559107,2.0161731021240805,0.147270436472942,-0.6026252581186096,-0.5444529316563751,2.0524556536922076,0.8746948135079782,1.4077438804247437,-0.4290237727666665,-1.3748882845682198,-1.3913381370948414,0.7472452271216631,-0.15872650228151164,1.0271246016757456,-1.0059016359748738,-0.666875049846622,1.3318127891879055,-1.9222139635649838,1.7580962785683965,0.9673330738757415,-1.8433499092486427,0.5278359260138619,0.6573116908553128,0.4415260280065644,0.6384589016785553,0.08650583629430153,1.1285924623950123,1.1909982913420083,-2.684761171505277,-1.5991980687187177,0.15671987630801967,0.15578941174077077,1.261000848045369,-0.4949288627788051,-0.3538308829820375,-0.8252515462441726,0.7812576421044769,-0.5916756825053286,-0.2156279740071176,-0.6831606378858066,1.7145573506226017,-1.163404698750082,-1.4720506670715008,0.6102536845007686,1.8836409990089715,-1.1186518142865196,0.48524722207327875,-0.7151257997843505,-1.1110420312350657,1.2051719889892145,-0.35992458348862355,0.4076341604201345,0.23093284493755933,0.08560703202654438,-0.21419853791231216,0.3494426601159508,0.31765507760849754,-0.8570474662115589,-1.7900006786903508,2.2978255713728304,0.8699996566638739,-0.42991102763198824,0.8126450717798005,0.9133274661326647,-1.150555792376475,0.4152698992010856,1.8691545319342795,-1.5398805400325037,-0.18787958273730004,-0.012338005769310907,0.9856527272008045,-1.0301712791218485,-0.1747991267839942,1.2004981838791995,-0.5926751065840847,0.33251469541807305,-0.6814160603008136,-0.6755201922864467,2.8031197812853748,1.068534499374461,0.5496139869556829,2.065237754988942,0.4490519000432708,1.5506551289101214,-0.8926603196813724,0.5189907219510207,0.3774035413575883,-0.24816680319678086,0.23713163630586928,-1.014390516227238,1.0032196465613445,-1.2793122255432041,-0.3497647391716191,1.491930624776563,0.5057265821793054,0.12841830669067908,-0.1604514372144513,-0.7061684283334755,-2.3811252745060516,-0.7954850591459227,0.9425520401001046,-0.2348842226393851,0.5102836915874139,1.2457704870819066,-0.8966992530387572,-0.09562807212840066,-0.9383476686870463,0.28648002012312657,-1.3460906352502795,0.5610908889799496,0.8778407707486767,-0.5938149362439876,0.13871530172694405,1.0593209666385686,-1.0677596425625193,1.2319064192461933,-0.13440427781456296,-0.2724266767298412,0.10748033657654021,-0.016687416953873047,0.13030697691998208,0.6688957814632619,-0.8627262837033111,2.1116970182067685,1.0911173820640208,-1.5140472257322273,-0.07264281267199624,0.6444474986199957,-1.990730603526981,-0.2838911854703816,1.015322188301292,0.959343499077458,-0.16932533456596977,-0.10540610183893107,-0.035389561285905556,1.2714346871741313,-0.781858775329449,-0.7996432832917997,0.7469759544045376,0.3467698572553534,-0.48523958436177433,-1.14684116389482,-0.7188779806582617,0.23539680924848597,-0.3072958809680054,-0.3572915426267823,0.36913317307736504,0.07031171309349595,0.21889022094679672,-1.6474687037301516,0.11318788057476797,-0.3705775122489989,1.534487539822457,2.280352968411349,1.0515033289250706,1.0999879304278375,2.0269448853230845,-0.2513338632293677,-0.957760288950534,0.542732475693626,-0.8567867805354562,0.5804218206769775,0.5301398572966531
0.9215087902811492,1.3694626212026384,0.6846842178543191,-1.2716049324110363,0.0698053639853664,0.9715323984204329,-0.5066931150086236,1.7385353385285813,0.9256424643507842,0.9111558607859155,0.42855042297554263,0.12732915142975113,-2.3213642303362487,-1.0515908009412402,-1.327039515675945,1.1484931284026645,-0.2673262861111946,-0.2214201645420135,0.6091209329323469,0.8941355712333755,-0.3927027252883332,-0.7550040706852278,1.8492885078200774,1.2023700134161708,-0.7285103235387042,-1.3533482162933181,-1.026021102365009,1.0183938725241648,0.37670028941534883,0.6666927665206045,0.11172762775485195,1.2604510139732605,-0.37506124008885483,-0.2660621046779663,1.2321555419029917,-1.3909630824676475,-1.4514972451249863,0.7322395777483716,-0.588033169688928,0.5866645133514548,-1.0597104131047757,0.706814409025989,1.02451840109548,1.416451332856386,-0.8371166869089594,-0.19044935731353863,0.5863863097236559,-2.220133652277455,0.022668428267976357,0.2572265636322431,-0.6077445407221538,0.39463204275057384,-0.07701462618602282,0.9782740081212425,0.6736583725489903,0.3992970546153078,-1.515790802821081,0.9163128560117436,0.37051575307025614,-0.8550887425124026,0.48964413806106954,0.43812078852546354,1.91973213882553,1.266703589595669,1.0729405832715613,0.148457479740492,-0.2900299290644848,1.019491447591161,0.0021048108069397415,-1.388243742501348,0.3232713684743157,-0.2651058991767557,-2.41762479402715,0.9800374663690692,-0.04185648302290753,1.0211114244506827,0.6767226161268995,0.42821806469176277,-0.7504939572934124,0.9774549811447951,-1.3988117197089107,-0.5439187413477649,1.2530564978010643,-0.25690450153541144,1.6014596728803285,-1.4385228667696852,0.48706785548926446,0.8280054275465457,-0.040526069253314416,-0.8533343408804568,-0.551773652091716,-0.8974554216092329,1.1053578846472618,1.5386085131028298,-0.4048468972803342,1.560507836379216,-2.320700947901685,0.07518157292445207,0.18541017252791922,-0.7066610680784734,0.8732417606780434,-1.5035822987281593,0.34572735096398455,-0.5339264047940862,-0.0774477191305396,0.5335469028814808,0.9681508725462593,0.03581765024433095,-1.1827371707898584,-0.7863324531421059,-0.025185603518219298,-0.19327365157550228,0.503489581583478,1.7533190747725467,-0.8905235030876572,-1.2296822446950346,-0.258287542055161,0.7430536705159948,-1.1793311019593369,-0.7660967905991464,1.935466864943511,-0.9948971410996789,-0.5933577594303436,0.4814780610865386,-0.2300334674272691,1.7090754558505512,0.5975353107675463,0.35217629300423525,0.3654946237202794,-2.172499843870344,-0.6537759693383464,-0.48591986766578404,0.5477975996807851,0.32555263993248784,0.6401691506983578,1.1428249217564248,1.1676636545288452,-0.6800100407262263,0.9203278177201673,-1.3656613759260914,-0.15135796841104718,3.2993321414198404,1.0121051891658002,0.8817647549463088,-0.3448414229119149,0.5491344231844288,0.13065408315654212,1.954025426243192,-0.6742277934830712,1.0941163656716943,0.4391229419913341,0.3969322190122879,0.40111759817709364,0.5052597301789188,-0.015506218235674281,-1.2956458730318563,0.21393181969591132,-0.22224642901634564,-0.12419887805471073,-0.41404158999844853,1.857721479135051,-0.8066186237215262,-0.6304694282728714,0.6820535190772504,-0.02611130362699413,-0.04610818736590013,1.0848151319253663,0.922253439987684,-0.22579189427746127,0.23070879708284905,1.4119893914619852,-0.5956954911744604,0.18069942305554515,-0.6327457154017622,-0.48204514388233727,-0.0954362927948616,0.7603688371068461,-0.6964119246239855,0.3561413960366837,-1.6154478393246132,-1.4479094575775193,0.9901515289141717,0.2918864629287416,0.21232684535934326,-2.143463902075435,0.6165736671108626,0.22824748783863552,-0.7108600236602908,-0.4264444728840273,0.6558691228413778,0.46614676121102616,-1.5191113340945017,0.12179002440021187,-1.5121194121426333,2.1338874070767058,-1.704261265694083,0.5160763263669821,-0.2964281252685713
-0.22630725609140198,2.0375902341013146,-1.0073000460924617,2.575146479845203,-0.43802143141795535,-0.3633237707913021,0.9659503472314563,0.5990671831227136,-0.10750515195032893,1.0579619359520416,0.4010835463797329,0.749765129957565,0.3006958324581648,-0.283636196277363,1.416153940400668,0.49722776237413163,-0.6216842927435289,0.029596479719955174,0.9823777352095532,0.8313950775102052,1.662897368613836,0.2633160629010593,-0.7939485631359957,-0.8119493345053258,-1.0733544042143273,0.6344348161586674,-0.08613493469394583,-0.4516061858237827,-0.8695148352186904,-0.1055369656092707,0.9854211012563239,1.4903350805392883,1.019120419669331,-0.6469877163182308,0.9474148916912206,1.1449095369002926,-1.7471694503457098,-1.7629846888205571,-0.6208056158350793,0.12955556137906177,0.05860988074868865,0.7583316563171785,-0.448690930395785,-0.09381091206447273,0.6174103644119616,-0.187569722383481,1.409104944965011,1.5330203767070836,0.7428346812335397,0.28594917118889185,-0.7133606839750922,-0.5652336932878099,-1.716943241609472,-0.912270240928134,-1.3346165745728353,-1.7858896843961645,-0.5443709651670254,0.5517733252361037,-0.8597584259836873,-0.45961837838524194,-0.6829853630208461,2.174849578403579,-1.9116468769350912,-1.0211923528376956,-1.65072970839185,-1.5567049924202614,-0.12337941024513949,-0.7839517358486443,-0.834210522981305,-0.4440775008477075,-1.136317659439175,-0.24780740786070413,0.524355300467661,0.1166573637779002,1.183067179753592,-0.3716630784165758,-1.8842957380793388,-1.6010728696263121,0.3054250412071184,0.0150105857332243,-1.5943861812398055,0.34734318824924193,0.7396831323957103,3.1723701080873714,-1.0612240101523325,-0.7900137284446886,1.6515804799169582,-0.8985849907458482,0.9738772151145566,-0.3950643436016144,0.4678006221479126,0.1403152146984783,0.8793157178577079,0.16331128400118192,1.2810909133233013,-0.3357931543912043,0.5109102270773902,-0.7326443447422999,1.5724810915104372,-1.9996765196101394,-0.12403189850366018,-0.5445152579197189,0.05075532464855923,2.076046840142498,0.8223855384656259,0.8078882663188881,0.1138834678283167,-0.6391890950400652,-1.749020072014159,1.972146494546855,-0.2660067599446429,0.11676484141266563,-1.892793768558791,-0.35329641342042406,-0.5965457742760876,0.4563334335543455,-2.4206567961579353,0.5358183558867986,-0.930974635351582,-1.1180030947721802,0.04787714845614483,-0.5168246362760056,-0.2298552825896012,-1.7469705228362302,0.27926180286152735,-2.481240568791705,-1.1872582066232718,-0.6048491629338866,-0.25424668185754085,-0.4947540820033992,1.12178600748435,-0.21919772549735714,1.5017451025447959,-0.5378822983083866,-1.088177836970566,-0.9169991756493453,-0.29308496111739646,0.7217585011927254,0.3599765037890104,-0.5770148358532612,-1.7999877710870327,0.9329292095632158,1.7046210826796429,-0.14296721630828887,1.8428665548536987,0.03294697047969013,1.3229920849164223,1.0436570657794686,-0.9317768390725467,1.2639655052687901,-2.981204409039679,-1.4176783256778698,0.8121897321604283,0.12074701977743554,0.3458497918052356,0.03488682224830573,-0.448989687772733,0.46787966801228514,1.0360406005816067,-0.03923614036324137,0.3517348869284325,-0.2540267435928351,0.375929956642675,-0.3897245885040782,1.7249985311930147,0.6616068574609385,0.8803546999282499,0.8218502712168442,0.30298786969849084,-0.6136638002571017,-0.0627248972835086,-1.7050585881765443,-1.1452045047639017,-1.1989095412173538,-0.033649630749650036,1.4634556429335317,0.48153286034551257,0.1774392790907184,1.2547007877790102,0.26251851991596625,-0.34012296986568685,-0.5029281311958415,0.5299221922295356,-0.5307060532293244,1.0078616338553799,-0.014400207719513357,-0.4988667645470471,0.41440115524299864,1.6591329966590729,-0.4264802208941818,0.6131052830741042,0.9873739822997485,-0.557132012097516,0.05249073374004307,-0.6795053013655822,0.7316962456983358,-1.639555221833999,-0.35134283056456017
-0.44767731202880545,-1.5437665434417704,-0.09549692062970742,0.4308260636908471,1.550542286175032,-1.7172600443902364,-0.5713906311523647,-0.18371586156069616,0.4309074476927026,0.5166975454888121,-1.404681358272517,1.8057612473137061,1.3706871030458614,0.1223782239002945,-0.9306813419478844,-0.16167024579176176,-0.7419700764124688,0.20590338527970317,0.26297571714661855,0.6926771041974391,-0.1628685118525127,-0.14966285458914816,-0.9565686082905167,-1.2746083155029797,0.9624758719842513,0.44927782132301597,0.9790849295143503,-1.7036633287525664,-0.027201997870237395,0.38661454785932736,2.1279317899968877,-0.005196922905659534,1.0103111623273409,0.9368329637109161,0.21917416066708925,-0.775397122317172,-0.17163036046724922,0.6123017715565789,2.1297024892846332,-0.7749108441958289,0.5177620700020511,2.369687143331241,1.1005595588127928,0.03256953332254257,0.5700147005877216,0.9342252139795922,-0.7585454414075554,0.1774933513246221,0.8477402183652515,0.6796454263689895,0.3960310795853853,0.6911296945499772,2.4037621187963145,1.010475198073567,-0.4314459004579865,1.6738704981902797,-0.2679058099410252,-0.4322880768044906,0.441774575758991,0.7487624520569263,1.2530180578141359,-0.5278079769781703,1.3016248312086003,0.27200473961838845,-0.4850479557059293,1.2594874789614894,-2.3478399406860184,1.5469542052358163,1.8817858146586828,1.445731559553371,0.6684477089569199,0.34211894429762635,0.22578156513188408,-0.43974260655647324,-0.3667389970932358,0.8930575676702,0.40485115657356957,-0.7804350192163565,1.6787081704440374,0.24282740438448067,0.6965908987182285,-0.8815127573277839,0.8904372758795677,1.3186073457282361,1.4571181005198934,-1.439713433687672,-0.040763858190821595,-1.1902130224596437,0.8218714275172686,-0.14580605708145022,-1.0614881241824363,0.3261567372922928,1.3808095428117824,1.7039783852719197,1.512626926297189,-0.4896169174768927,-0.45905554089895295,0.13663471352954895,-0.3526041547090083,-0.6201068543339562,-0.7350335897745909,1.2421880123452427,1.05333450990348,1.6788058823136578,1.7733000128636134,1.6418303146173046,1.1493728514010824,-0.1922292010182472,0.3383647195650573,-0.9736069215423717,0.5125088382803412,0.6357849670498711,-0.6545866738479872,1.193854479670042,-1.152509484304836,-1.3069580077028364,0.6258383999482123,-1.7073378176698386,-2.176440712227554,-2.2175174018665533,0.9445029596521627,-1.1874172481492284,-2.061129750123185,1.0540925727152701,-1.1097566919450534,0.30782897175367785,0.08864273973528203,-0.014050061578645504,-0.7128144116119317,-0.3533018538315423,1.3011984456853536,1.2141887377796294,0.5470535506098014,1.5456931173255326,0.5310324745126791,-0.4542337681990371,0.6987025170459374,1.1830139620882412,1.9652517221628656,-1.1099398114577868,-1.444543429349179,0.75882684294904,2.3048222272082466,-2.2023540529910544,1.0276573997521665,-0.2602146752843745,0.5640941913158383,-1.5066999910433314,-0.7698357887991543,0.6517820990964868,2.5105126964328037,-0.32917564724195675,0.30827363611575254,-0.7188744619872313,-0.961815728518941,-0.39370237885102677,-0.6743594262240722,-0.8421790535112168,1.2889185557469953,-1.6037907435107606,-0.6293945889158152,-0.8535959430361589,0.06956069155136536,0.8261010965238927,0.016399719592731187,-1.3678412132689814,1.5194380420984188,2.404364202540492,-1.2517345995598206,0.0816574283523216,0.29710888815551934,-1.8318311351571939,0.5422835075274052,0.16447044334078537,1.1953476136144476,-1.230685514886769,0.3719740911989405,-1.0020557348931436,-0.7863368505218146,0.7293518805013741,0.45357802470383407,-0.455781404400166,-0.19702383913492497,1.2172971854101444,1.2298771253422045,-0.22730219204191662,-0.22568880204506514,0.9147872827230195,-0.6951674403552599,0.5241222012894283,0.3939030651097389,1.3526768322894185,0.9351642658465208,-0.5507909560332521,1.3558821870864364,0.09261665842647104,0.3869094425255056,1.563018382264711
0.4131677053261649,-0.15430547271037665,1.1342305824571273,-0.3440098590522919,-1.780656584280297,0.5256772175039099,0.017289031857184244,0.254691834684161,-1.4073914709426387,-1.0753628397453503,0.02615061442222263,0.04178793415654882,0.38518825399279966,-0.30971617420051983,-1.1184738836722068,0.38875799816133777,0.012036272262488367,-1.1347037844647627,1.7032314363406187,-0.17681839702430338,-0.27055035090547214,0.2958892549205762,-0.39227527641091525,-0.34360226644411457,1.154588025761192,2.2442202013213515,2.1915199904452587,-0.21249938333968418,-0.12541788736860132,-0.7891508466209158,1.2231632251825595,1.4215126379006005,0.35895774371007744,-0.4459394382779087,-0.2511757311216989,0.3893758391569658,-1.0062222581060554,-1.2490365674335373,0.06870085300513007,-0.9167855662633689,-0.5054039038716048,-0.11126913082137475,0.3995585252678948,0.03459871845623788,1.4356619245627928,0.5959032055023682,0.09353020319394857,-1.9398925031596947,1.8250233660569897,1.220839739559928,1.0458440405300147,-2.5741832306523382,0.09743236440162115,-0.3199878460331497,2.3810737522427634,1.2727830316195266,-0.01953871439576213,0.29448982798489004,-0.7196625398177589,0.5287953572351127,0.3170325513027713,1.3024604719995807,-0.5414041463259669,0.5560966587485682,2.0394519717321384,0.44665444457369896,-0.5235827426471309,0.5976777325579322,-3.9798211497700287,-0.7164105909177666,0.8002122940278985,0.1699659959083645,0.45522114492941307,0.030997588981296738,1.1948255756626427,1.2068872017973593,-0.17807478176573158,0.9581296882960021,0.5874410665127849,-0.23633304574893493,-0.9791959387168399,0.06465741986498065,-1.264186168662995,-0.20296778046906924,-0.8860624728205979,0.04446106087265108,-0.37251442859803746,1.6396594338504369,-0.3096041004808584,0.14118670188048357,0.07448799110578351,-0.9849991761964549,1.3716954174508706,-0.755405646629136,0.3055834386526276,0.23970912454233048,0.9967727366797288,-0.8905299580628769,-0.19641663484997582,0.30202299696737533,0.8215606541809981,0.5002953094428322,0.743661688037223,-0.06849461625744557,0.12113742011154391,0.7704468599319765,1.8116284643214882,-1.3132346403974284,-0.7163299689137755,-0.07765836285919779,-0.5263873051985231,0.8591235016667571,1.2781788951951323,0.36333707979427043,-0.08174079461574758,0.706916957731634,-0.6617813264485889,0.23228177336415864,0.35821854328455377,1.5139372504037565,-1.2138379165875641,-0.082196076080441,-0.631557128713536,1.2537645224564231,-1.7011016093670797,-1.1010226265775094,1.088947834674709,-0.04706310171679752,-0.5102169203669603,1.3172347643132762,-0.4139337862578222,-0.6222473560995362,-0.9645403974862724,-0.6854908400228423,1.5191238305113708,0.4300266464984518,0.16214471369362943,-0.3469716594367589,-1.3702716468751748,-0.24516276119938685,-0.16426205003549552,0.9127996139743363,0.29764544103776785,2.7425196431558154,-0.10267291228942779,-0.938482233327604,-0.5742211998233092,0.004923544463993579,1.08315797574363,-0.4217128020171261,0.5998025538303323,0.7671488752636688,0.6682882408807036,1.5151047390912313,-0.7806213375048354,-0.40005740741043105,0.3322776217934487,0.9838299863477027,0.9158024045968202,0.4699205891697348,-0.3339889336801992,1.7870169380967775,0.8146385866526686,0.5300930142927699,-1.58158731082216,-1.6681455569016979,-0.7588696389454385,-2.4395254890724574,-0.6869421096279832,-0.24128548208378758,-0.10974415276181304,-0.6967065210679015,0.016872441558331078,0.23682471308326597,-1.5366907140354369,-0.6967025934537957,0.7710167624971546,-0.15490680814080485,0.5418513295401225,0.3177082118684079,-1.479195809469118,3.0250236528530583,-1.5688426799617454,-1.3610787283591992,-0.35444344647117526,-0.7179781091104036,0.3197271366963886,1.3516244239242192,0.2379815945937893,0.8807498081437967,-0.42729433486042345,0.833872474312508,1.3570880839262172,0.053529826261896285,1.6227399785988197,-0.37603825190807777,0.9932836567243706,-0.03512098610694261
-1.0237622794800987,0.016000901274890948,-0.8758735522741555,0.0851791579136245,0.6943870987142313,-0.06447386201807524,0.3759399406717952,-0.194389125889377,-2.219848264366984,-2.085906039391562,-0.7921159142116848,0.9414877461304305,0.8074700856090299,2.1105204184662796,-0.4588373759075071,0.16734451234114242,-0.5393265784222476,0.6897746254634759,-1.2062315853928032,0.6350012124298192,0.7874210553839334,-0.7156396668762625,-0.571077743091246,0.872135251698242,0.010229468773627124,0.2000191008797436,0.0892766140419791,0.5524053026999014,-0.2961003304546564,-0.1755122817467126,-0.4359980168687658,0.08643948466317479,0.23988704505896397,0.7776281356914504,1.1212931127310966,0.3444899009975296,-0.6418165584852252,-0.6283196952125777,0.13815781881531028,-1.1351019116887675,-0.5139986737132319,0.35172382382137274,-1.4933014924104178,0.5800014756824918,-1.0267094976167,-0.2652410669606332,0.01796364974163453,-0.7643083916733358,-0.26705067883597017,-0.22173744313155522,0.6218738847315072,-1.5908674106359704,-1.1842828455077097,0.9471108693708593,-0.3759463487676051,1.3763308516513908,1.3601363716171793,0.12545540308667913,0.1872458214407753,-0.8961012338283048,0.15366268822117102,-0.1898924010004304,0.08876491727567622,-1.4679361965816093,0.6407592509618817,1.7636072298253658,-0.42338027705744596,0.8581970778913188,-0.2596996175141954,-0.34660889167264586,0.9963566264879127,-2.1074492527263664,1.9982921599661232,-0.5838492814643425,0.031831428922254,0.5444072223563047,-0.07463593462080213,1.0339690547759999,1.0273447833871547,-1.6474903996712043,0.5021140746767861,0.67892153754089,0.9773654918456488,0.3520790487004326,-0.14419767955697854,-0.24572816076542342,-0.5098612448576599,0.21798584226868686,0.9392518121028126,0.9941283716072258,-0.6028997202710378,-1.034775728618213,-0.3183852347660358,0.2523727286725133,-0.3023056611336979,-0.6720580793103783,1.0276141721538643,-0.41209730376929254,1.5865631407131973,1.4851862234003865,-1.3368512346778603,0.1779176080742442,1.1725995474742363,-0.7235312408696914,0.7513485281313599,1.1736540920006917,-1.8823557623486191,-0.01603795753473139,-0.524789681329296,-1.1023226035307088,0.4503116265928469,2.2316203703398707,-0.7160863478200354,1.0663986480571568,2.016617449475057,1.4969378686442054,0.31477177958144414,-1.16552346470307,1.8595381921095353,0.3967319533840744,0.3303453639452002,1.9070729108393798,-0.6807662644852963,-0.07827850717185499,-0.4800775050769586,0.9241325132932481,1.151001853285429,-2.4542561606124744,0.3147782111884114,-1.2788926562530702,0.4994443509041144,-0.8022495526054456,-1.0270525282837506,-1.5614688050046468,-1.956704832155359,0.25851127834395604,-0.895826357780692,0.7175976312639502,1.21455098137043,-0.19769658828860442,0.5064449628198969,0.8960129725687569,1.9056961284359335,2.3196141276875917,-0.25379754310575264,0.9998984775366511,1.0854750677906027,-0.5340549382687133,0.821706529129375,-1.0945489623644515,-0.31720105622612843,-1.1628850743423509,0.8467573462591497,0.137526441228282,-2.090431452487488,-0.4464956844606361,0.9475618994522937,0.31545949017840874,-0.38219010428177674,1.2052710298400733,0.8205685639996724,2.661691167323337,1.2315105732067397,0.2205022343493766,0.28922455460276697,-0.39982662403239305,-0.34317905821800987,0.7870046229633496,-0.15695696938736184,-0.23855612066980172,0.494428623120181,-0.20733743198299523,0.9456069909406234,-0.052919636448169424,-1.5229908641407828,0.753144758368634,1.5499092576268239,-0.0009245456397660719,0.07134515535000038,1.5572305810829474,1.7332244168661128,-1.9554633799422287,0.6130981379168605,0.3776163656580703,-1.2245662715582712,1.8775453176693968,0.46050619151775846,0.7466579836336276,-0.4253778861519023,-1.4550011038892905,0.2663470985415964,-0.21705958131594993,-0.15146358072926236,1.4998512083461162,0.5850043372267794,-1.0257576060775282,2.4360851866515976,0.8298113171438798
0.08561292930120351,-0.6753289267792077,-1.6378018500157137,-1.829343396777983,0.20291683288795265,-0.2988278378942698,-1.377298287235028,0.6095911862431258,2.581280568451107,-0.5565809711162379,1.3320610410999971,-1.5506018691487482,0.04175683238094698,-0.5952896705342416,-0.32523163391457677,1.0883062885865673,-1.0698702322242017,0.16481622331291,0.5975324164729432,0.5235729939421313,0.5415902783785578,-0.2081211043198058,0.9901982297821754,-1.4284173294970397,-0.29712068453764784,1.0307882708134193,-0.35449757391005876,-0.39251959602135356,0.4293475358684478,0.1885876220640284,-0.6482668770678551,-1.1901754954955728,1.4171338081967926,1.2949126646248164,0.778958378060626,0.807294912202237,-1.5599533981826668,-1.71542899066422,-0.5408443967101373,2.0720207570541884,1.0534896429229035,-1.8476562680967956,1.254581258801847,-1.3215285121908769,-0.47445311025883236,0.8724041870231766,-0.09750439499225613,1.3841905969656776,-0.012217812437579485,-0.8411969960482232,-0.7898150796844754,-0.3068594985911969,-0.5473560323616246,-0.0629096745267525,0.1323417072455097,-0.47190550658983604,-1.0487947633975367,-0.31361377253811806,0.36164906310719996,0.3795327535570819,-0.44962268487302975,1.5425993910999163,-0.30663950050204086,0.09218140159783911,0.38201638464642423,-0.008025218620386477,-0.8507797172349787,-0.5671751687801744,0.3469678522531968,0.4831908719913636,0.8349682555867021,-0.5849055493318457,-1.0926260554408975,0.04142492810628762,-0.19888621956293626,0.8838909504509892,-2.2076754114147437,0.05580744301736067,2.1218186858355583,0.11965665677950904,-1.1472338222728762,1.1148828652212415,0.3074688255206556,0.3825314798916295,1.1859043273625618,-0.4873895278174893,1.8021765111870027,2.0157926000081643,-0.6167048715179533,0.22957620837083267,1.1083905490130725,-0.030428605012346975,-1.0111967362857284,0.170775249199961,1.0645140425319444,-0.3302336917175246,2.569178756690437,0.9140220480379099,0.9192709091358573,-0.8818990496250041,2.206502065773461,1.401232076445178,-0.22514817645593851,1.094121347641439,-1.6187661529787107,1.184443363300868,-0.6583257654959095,-0.5374582784389663,-1.2454427204233924,0.6276471893740693,0.6448380877031823,-0.5869067071258455,-0.8740959044271376,-1.1472892033723976,-1.029256776917827,-0.022615325110704607,-0.036408428151329005,1.3822442698778432,1.0628645110685135,0.35545634198510895,-1.4999414049332676,-0.248866578718926,-0.349284966723472,-0.3411633948720982,0.11055434419863014,-2.1215479524506695,-0.23061517914671842,1.7077023802369646,-0.43464395538465134,1.5090758806482514,-0.4039013712405272,0.3525723456696653,-0.9358353152724789,-1.0842975443459044,0.7819091083991272,2.9651779674170724,0.5097755170072009,-0.7822463004007874,-0.8831378092303671,-0.7766679150136723,0.2506384232617258,-0.2752913186337776,-0.9266437705322472,0.06429792112763655,0.977971689858916,0.20971572392403307,-0.07245009938410034,1.4202519213510012,-0.89552127235443,0.19574985528190078,-0.821630091393727,-0.5362970381514915,-0.06069902863903098,-0.7084685017329305,1.0205558967305786,-0.5223466718976684,-0.19366448297944333,-0.6174516816739561,-0.5803104019169847,0.23821276920450593,-1.2152636204447589,1.2794096586489554,-0.9077786436216979,0.583007116588049,-0.6183396630361244,-0.020326371943762064,-0.4424062564000349,1.250016877499235,1.4585035169438962,-1.285668929341501,0.08236512377465054,0.5154392410833417,2.290514721542164,-0.1735391045665209,1.145885699311533,0.529276191368837,0.43080329193780265,0.7871949800354711,0.24027958745138722,0.7536253574318024,1.080159460506889,-1.4793976616206579,-1.2766346858124364,0.7478025812090737,-0.9912005314486129,-1.4066620265635925,-1.0894564933016937,-0.07218203188354909,1.6376678313610162,2.088885986307615,-2.2448321643666573,-0.816155450245468,-0.4859998176140856,0.193972758261198,-0.12371397573393958,0.012733567219985779,-0.4379466217250176,0.10152614527096848
-1.5689987208998843,1.246638975825865,1.9638686609856466,-0.9156653376103664,-0.6047363621137466,-1.6126671545687457,-1.1624139765041055,-0.8255408959647262,0.8857906339358402,-0.9449017881008756,0.3343777731206245,0.20222418358157435,-1.4013212567647,-1.1620546629572452,-1.4876491291763574,-0.5239719602292066,-0.3025708530873125,-0.041247154386547066,-3.027886627170503,-0.018718200990528226,-0.728550969669576,0.016360528933159615,1.7515978154785505,-0.07134491830889171,0.7186697767022207,0.23374231221714917,-0.8613676978594618,1.2250887787359699,0.7600711031398673,1.3881252541020441,0.8829756549849185,0.28008539569588525,-2.5958107842441067,1.2003726788940743,-0.5160687441236069,0.25163364387743886,-0.9633265527784337,0.970669475361395,-0.6025709053051571,0.12921088804957703,-0.6034106946188591,-0.4521779570770598,0.6887107978884724,2.6380112143245595,-0.908943339096138,-1.2605548942877953,-0.3293868148367207,0.688332774779573,-0.48869453996272866,-0.7106687203986178,0.8915726830576041,-1.4866184422497128,2.0123047548946267,-1.6814197285175791,1.0490469320366342,1.5196384479213711,-0.33926907588538624,-0.04606836864796972,0.5499386384935283,1.3846358255462863,-0.3454042462541729,2.1839844024359767,-0.6965480020456519,0.16905657613012132,-0.11227208348847119,-0.8166707168121867,0.2672741889646363,-1.2023544706102094,-0.7824172687145795,-0.28192507720168203,0.11846185107410288,-0.8953137517598785,0.7148544804984549,1.4565517236902752,-1.6705280556272692,1.2961924202104536,-0.4297850387244661,-0.19763163200890183,0.6447912045676845,-0.6939343442804082,0.8282983162314052,-2.9636550357253504,-0.19983776474040893,1.1691055768768686,0.11595906544552062,0.41273936636230013,0.8845006516827094,0.8347485446622953,0.23626812756200638,1.2820690699379484,-0.3653901745426038,-1.1342930350482279,0.43363593711408555,-0.6707513591768022,-1.1300575083367888,-0.3232210351397019,0.12206760191144167,0.013030972578296038,-1.9787536606983853,-0.9148604957022285,0.7586599423011653,0.20786270700957227,-0.22362058747131783,0.13252454043327447,-0.18524948733736582,1.4220170586833625,-1.4878451056945177,0.2701611219878842,-1.547141843092772,-1.0489784373748459,-0.211224967186174,0.8201891994748061,0.24218799654942338,-0.2066880973076266,0.29945984253519736,-0.785496030211817,1.3894616992127236,-0.05644220545196239,-0.17499525984031752,0.6243215142218411,-0.5787290342832704,-1.4143498383278952,1.6043525324171934,1.4231563024207456,0.7399622495606735,-0.6318050906941137,1.7506216450367644,0.9691051207988112,-0.599621956121369,-0.8410211833192969,0.5420251305694563,-0.09444706319233849,0.32692429220434394,-0.06982368889040107,-0.6896501424281668,-1.4046827816753658,-0.35747516023107695,-0.3901222987173853,1.394133713840612,0.3108775657459217,-0.22648994785970789,-1.327652189290423,0.2828486227049528,0.4402310488111824,0.31647778152859446,0.09717793064406544,0.9440135844479617,-0.17130088195194926,-1.0832309535728184,0.29450865420916067,-0.33551158153585864,-0.4958639591025605,2.132936507293155,0.45910499864861903,1.4562715507521793,0.15319672484852315,1.671524035421111,0.7368211446814504,0.24705903975349772,0.2636435039635996,0.8193905123811276,0.12837061996289964,1.371231896225193,0.13579159794450138,-1.5602925855238983,0.2912844960393588,0.44383604534985366,0.8424089940830155,-0.939009468591654,0.8154976161889818,-0.9752108222266895,1.6398229702760099,-1.7867286745534923,1.5611834382642245,-0.1929705945964365,1.2384607701202026,-0.902230347808134,-2.155008515804636,0.5320431299968688,1.6013737728279838,0.09778684359131261,0.08516272335960338,1.7431823138465674,0.5785928681395288,0.0707056416908033,-0.319844678291951,0.87330981218073,-1.757265073164418,-1.5691563736009508,-0.6712809725679925,0.8052330082633696,1.181451473216715,0.44310854769678043,-0.8259577590707324,-1.3695065828683493,0.7701903772218904,-0.015918715269630037,0.37733530327942444
-1.5977307097259805,0.4645740994759525,0.21202161900202207,-1.2623292491896594,-1.0320184404396073,1.3614596267011083,-1.0153273198589021,0.7332063035575886,-0.015282595148551924,-1.6654234787949125,-0.2783441701534733,1.2210682384398586,-0.7822838710835203,2.2582899894796515,1.519297034500134,-0.49076388738911125,2.1644222083166,-0.13169826592935832,-0.5132761846867434,1.1611704939157002,0.16749212783652234,0.9521481643322716,0.3980910081265581,-0.7621810095693122,-0.14077199092385165,-0.9574392050751803,-0.38239713334621656,-0.3449912650478487,-0.6242719951753803,-0.6167579947018386,-0.21770894271154306,-1.7424204944185118,0.3102578486928442,-0.18395237715363683,-1.0671020718920976,0.25598979177417175,-0.9518956678154474,1.5808161187609726,1.0427257724328327,0.2387731102448468,-0.6927824232689065,-0.6468708616926505,1.0031802877009173,-0.8446614249976742,0.48636548130523116,-0.05476711690731477,-0.2817192961821162,0.4281910830551577,0.5027434416233285,-1.247700514764286,-1.1756798581101542,0.21549847799592806,2.1679780689657537,-0.8104049869939228,0.6936710412059066,-1.3757483447295065,-0.6307158750776248,-1.3827529914504093,0.31915002330809394,1.029502659463835,1.0686601108602072,0.20832171074891867,0.7835938837102346,-1.1437405373269633,-1.8977648607817437,0.14651281875752012,0.26009962092939304,1.457629698104635,-2.759876345114294,1.5505110247846376,-0.5996829871303356,0.03882235082305981,-1.0872131971499726,-0.41373489308133654,-0.40487509678417044,0.5055025628423293,1.5551594694272688,0.7182782275266321,-1.2257052486023667,-0.10908366560274531,-0.14605840358571887,-0.7605564801814516,0.40915760416092367,0.8549831321207584,0.16295411822639955,0.6166006716797526,-0.6764459164884337,-2.0640516626432306,-0.22272991383593124,1.376534452622754,-0.9168935812179849,-0.06145499558287837,0.7820358316411785,0.07789079639286382,0.2208399958944499,1.1651142352223836,-0.863813859538848,-1.055555646063407,0.3181939169812528,-0.13799767877753774,-0.06388111799437322,-1.5525777662497156,0.8055117551644109,-0.2987965977404654,0.8454688769020797,0.13750880894820078,-0.004566156499056337,3.0310526676733245,1.9795650221168388,-2.0621017700526614,-0.31931511540512836,0.8201917148602027,0.16526114032429579,-0.9898730247561258,0.6192258276496666,-0.9153523922734711,-0.531096031152333,-1.2129642722797458,0.9952155827322038,-0.7494843300078055,-0.8565224522121371,0.25212510021488205,-0.6593804927781671,0.5039929185276874,0.450433210923541,2.1992344182961814,0.4009098260915397,2.134747347631432,1.1112566856956463,1.1579116057056371,0.32987678726658637,0.3213809027632481,0.24553913332868338,-2.1529821871316943,-0.9018431744832074,0.523317739446596,0.17146540923601306,-0.07453543207080941,0.8829628566517803,0.7822049861000385,0.05615395108657794,1.8347317718132734,-0.7938177882490157,-3.49634062512841,-0.570778258878471,1.0057876310533365,-0.7577306651789154,0.8419922730110982,0.04929197365217808,1.251318280728115,-2.482982901116965,0.692312443797145,2.565074035415137,-0.6482791633171933,-1.206441790825966,1.148306608329522,-1.5532138085857172,-0.3122329304677655,-0.9533035462098943,0.8539197917437331,0.6461985739310394,-1.6863524013706803,-1.1582256354447193,-0.1263092937786233,-0.19624399207483448,-1.1961324392174297,-0.2844720355898078,0.49897001591788454,-0.7169862052227299,1.3819090003084014,-0.180400432672882,1.148598913549473,0.3926874068890787,0.27163843241890073,0.5608785267035158,-1.9592823107359174,-0.8504593202400647,0.3606552763074171,1.0533801878985822,-1.0720288233669613,0.9005987286633091,0.026283984445036015,-0.15436654139112105,1.3642873088630683,-0.8825224968353064,0.8144681635013516,0.08905139498399814,0.6810325071853497,1.52867835988116,1.6316725063031197,-0.08330495051765043,-0.6568958630578499,0.46381759515058535,-0.04766629806197618,0.4256290226151896,0.8284628192502923,-0.9002875545480152,2.5032060388454234
-0.9712029754668783,-0.18641265011722613,0.39849453654151784,0.22691283631838208,-0.5652006379063278,0.9551220046276409,-0.5595853451625059,0.19278686465621087,-1.49803775258373,-1.748459140377496,-0.06878995001244978,-0.681122491959528,-0.9079281936500442,-0.4027406978854326,0.7260376885468075,0.29074833768112973,1.0186718520067706,-1.3661469906461885,0.4138838932456748,0.2769933850564479,-0.643549753930224,1.050614172690094,-0.927661623086988,-0.23570915015685714,-0.9392564831512442,-0.0778506926161208,-0.8855625104171733,0.8661806003956335,1.4129859855320912,0.2007551825145487,-0.059170178900233794,-0.45108539679336357,-0.3784904883501346,0.3471576738447614,-1.0094062239167336,0.5634158479074649,1.260807848380898,0.4785130097776215,0.07057897088436038,0.6113626823998095,-0.20373418181671393,-1.7053816665563375,0.5049248248331656,0.00811037079871173,-1.3026989370339546,1.980509225822746,-0.6590246280612974,-0.36441219801023883,0.6897339642522579,-0.01807083256434784,-1.054190350517788,0.5098214412516245,0.618284603441928,-1.0803427532987953,-0.280988467179904,-0.5617254452381295,-1.0270721740280284,0.18436501255603768,-0.5657638804288486,-0.1753132819267774,1.051236938867135,-1.0673117498579807,0.7920708957425057,1.0347921363342747,1.3248111869941641,-0.35236015306912555,0.4652188707509405,-1.8539861720531747,1.0705090000908442,0.3699794473886755,0.5277191046938585,0.06358057413704175,0.9114030730498611,-0.4827851594052564,-1.272497418794221,-1.778860526734579,1.7742519626795707,-1.3966526288576144,0.5007548893060414,0.8685482156601357,0.8325800888257654,-1.5314114167585848,1.5086047379547836,1.3220448135122478,0.7035112302271813,0.28468090698870396,0.17365707862304747,1.011228588921204,0.35085385115750745,0.21225755979315722,0.017302426995875125,-0.9446485884430936,-0.9541079351453544,0.314495701389923,-0.46829771871610765,-0.21398370743029516,1.1377243003258402,1.4005702005201375,0.6312168482202839,0.14796081904501274,-1.4707386658340829,-0.42110622086740385,0.8111553665312018,1.6562040199690298,-0.2123007545181472,0.11932791186991816,-1.4160729974952881,-0.5185661607796556,0.1294743144344628,-1.0587002152995577,0.12033114640053831,1.4458371043251477,1.6472961624412301,-0.7631829367190038,0.4507135759312678,0.9013783777677835,0.9583516951789632,0.8377344236509628,0.24493284393536324,-1.6040224278084483,-0.07968471638144418,0.5463041910469332,-0.09413004325635645,0.8728308096746926,0.22490508212632238,-0.990609251001677,0.492673248530368,-0.04547108035899721,-0.24617828982090686,-0.4566516292159471,0.9705811493677033,1.1209001378269725,-0.18778298495770662,0.03466773807568191,-0.45248937611465956,0.9428546464803753,0.2629148994608708,-1.1179413709898145,0.18724413779300736,0.9919371192337962,0.9526028251875385,-0.8207134811129336,-0.4593119413321795,-0.30141821196578295,0.727189180989551,0.4356630625726802,0.8821554971478055,0.3921915916131722,-1.174251424136889,-1.2024827194210692,0.12795296180848445,1.3295691462793773,0.713891500277807,-0.2987348169842408,0.5772600877765728,-0.09222883269218023,0.4456633574801196,-0.8984992082083532,-0.8462494973723368,1.609879647335154,0.9064659851303755,-0.1095030533248776,0.6209593805659306,-0.2953907526281364,-0.24852196648199895,-1.4131103262008657,0.10333818861896471,-0.4172007957323639,-0.4453783274452031,0.20643598066679222,2.268501096808136,1.41907612527434,0.7958584471956394,-1.8885600126720152,-1.0552394652063946,0.09193549919393311,-0.7962027658559767,0.7401149445925997,-0.6937726641816875,0.22833709739487681,-0.6773430875453079,-0.5090031057335497,-3.1426340416734124,0.7303846655781329,-0.5514563747060026,-1.8246725250823814,-0.16216427892920185,-1.235833494621595,0.9142328326367352,0.05929627316315249,-0.3665762359842961,0.5137182847672953,0.1733820665060133,-0.34057650274679363,-0.18571556719242613,0.6457789055398698,0.33100797575350505,-1.5291990447433657
1.116041919106102,0.31273731561264945,-0.5603903414100814,0.26573702290148266,1.661512612341936,-0.9381340484907085,0.2870469135242387,2.040778257727548,0.5343103782704646,-0.6099352186901766,1.743498501586849,-1.7495265827227617,-0.7962173082819859,0.12930960916040937,0.5218007144610297,-1.3734280999744048,-0.26088412711646325,1.7451441782999333,1.426545903645778,-1.485017464545542,-0.5949280051363715,1.19761925075354,1.4819872194377506,0.39196888798680024,0.8954747652389657,-0.12006763568124887,-1.3519108852811361,-0.2075559323170072,0.2481044386359976,-1.6848401482177762,-1.9307303694159097,2.0122937661379714,-1.298840883399776,1.217896209663615,-0.8485593496965078,1.3487278489484356,0.594809354263649,0.7591652702502972,0.9211604935216653,1.7998065186745202,-0.10154458602667932,-2.523473133155588,1.8723902493310531,0.39228657633215874,-0.9830932952036308,2.9334744665757566,-0.8163359231526323,1.3805937841929323,1.3756882613604617,-0.1502429793346223,-0.7614038864042819,0.355265337878727,-0.7889806148337669,-0.8322658061045173,-0.2339407020943343,-1.3998453198043996,-0.42316138888871746,1.0958372286175495,-0.16294590246508484,-0.41523607222829845,0.5525733201257375,0.05083414774024993,0.25612517193834866,-0.19511363214043845,0.9015641478828387,-0.5641901955084179,1.221286722690034,-1.5911320261941302,-1.0587825539172997,0.431498966594607,1.5273578179624419,-0.6784793133314733,0.2836143754386191,1.357618387515844,1.0061940535767924,-0.9044837325424773,1.5314570662173952,-0.4644834101549312,0.46286302292968956,-0.371333681686705,1.5401993735902195,0.9006274472498266,1.0257135282523338,0.5311299791776598,-2.2615111369404506,-0.02256600609696405,1.0444093403757009,-0.24264149421260728,-0.5907692660898928,0.15179444589131513,0.2186054967338377,2.1119541864251943,0.1846065322608496,-0.31389264381770393,-1.9989928421954384,0.6258110922276147,-0.29318103957431507,-1.847240911937,-1.546584138958783,-0.3129081423912728,-1.702701377846185,-2.2556003893871295,-0.5132378623904451,-0.2171957603512683,1.1635195517173251,0.9077544120359278,-0.128624449241967,-1.2202574536912898,0.38024150778103016,-0.07271024473756146,0.4819116782942157,-0.27350233662557166,1.4670081047619812,-0.1416892921041262,1.4852023235507579,-0.6413149471339638,0.4579347578660404,0.6852219177140101,-0.867997389929543,-0.6421996748058694,1.1255480538650648,0.313315012250583,0.7065967003117849,1.3593874883784043,0.9024880705057242,1.3527506442983173,-0.3510266632749627,-1.1044025113661164,0.35829405015142135,0.4169241473703954,-0.06347934899108722,0.10410294558042937,0.5715404526936514,-0.4861740279257109,-0.8856627070811082,-0.14421404169755606,-0.09942837399455542,0.18939474557746253,-0.6004877869823081,0.3323884231209008,-0.5088010027319341,0.43106724752225467,1.8199097215754212,-1.3275347691522277,-0.034760255524848,0.42712118557080236,-0.02843250212191899,-0.27815099980169367,0.5193570530367092,0.840945307245982,-0.7131433067635305,-0.785764591064358,-1.548335932374992,0.4889679102667875,-0.20915945025179616,0.27962798958265894,1.0484844057200833,-1.5662882943619436,-0.7469677847949461,0.3507856000435743,-0.045220732524990766,1.467562302353868,-0.7412092544775828,-1.579566224201161,-0.5985207959021421,-0.3779643435786087,-2.491657714230124,-2.299936343362348,-0.9212264419280743,-0.3729212623863538,1.2233890016884716,-0.5528021506467296,1.3259307779182676,-0.4874193931198863,0.7729395993740981,1.4497853643108585,0.136535505071117,-1.6316961586803969,-1.2440632421227225,-0.6647161563726954,1.2246856010310725,-0.41839476231348377,-1.4478837528909347,0.13507474679789597,0.18513716252271917,-0.7863093335446619,-0.35843056726141637,0.6100117745597895,0.9252688979262816,-0.4121243471727666,-0.869728463952702,-0.14470200153455423,0.6413245974435999,0.684822654644396,-0.5417888833180261,-0.8529632938607972,0.13505834111086762,-0.4126562455185504
1.6098592504277862,-1.0595152490138078,-0.0036612876181311245,0.7990934491172247,2.0920179187345753,0.44285644107886335,0.7622584247708807,-0.13974584510027202,0.9551327525726562,-2.038943047830783,-0.6828310431486623,0.0939116833181322,-1.162450274221707,0.31065597425836355,2.119459824541715,1.0614289793041787,-0.48717226643557504,-1.1041918886867115,-1.6360991831233485,-0.528201797044805,-0.5154616026483579,0.953081072055229,1.3341481664269537,-0.44016382544957955,0.28779233681287064,0.006012896272621145,0.6825278274885309,1.5621266634683608,0.24929982355560149,-0.6711810742912591,-0.7486759823818183,1.2340732460454225,-0.1742568515740468,0.4802238478788541,-1.401330489245542,0.034501494851858265,-0.47703450802397385,0.08498922038780665,0.9060758790512992,-0.31077792103587815,-0.9480943143997369,-0.2309045983312629,-0.07803545006028666,-1.309919931118137,1.1718690182787441,0.6148490317864952,0.19585008366252396,-0.6170729364702635,1.1848318785968686,1.6674048822189593,1.8655509385872335,0.08085096398801912,-0.8313174192478289,0.3958247382783298,0.09014907686066632,0.43689432733214595,0.7227403660829287,-0.6604473305787,1.4355312546253445,-0.543727752715735,2.68766387237022,-0.709436302323637,0.5719247328766816,-0.3760484014082587,0.683193363335138,-1.2020262281268221,-0.7617345367407323,-0.3887842164740365,0.4813006415303358,-0.7429549788945319,0.0722981515104352,-0.410024035732025,0.7970697701621623,-0.6291381594993587,1.4288904702710348,1.5815330468003383,1.4332876219245678,0.6929416539512853,-0.013727420028811093,0.487967358480349,-0.00127361709739682,-0.6057426014433392,1.028952233271672,-0.3871426529375889,-0.9046698861465285,0.42881262716040847,0.27695660225670105,1.2677927061057563,-0.20175262957244613,-1.4404405993327936,0.060618081302730976,-1.2146289661539735,1.0267316784639116,-0.3844055659486906,0.9601811250467307,-1.2945824370129446,0.0298527076799811,2.5453162182855857,2.133779171996109,0.3996448468080132,1.2212265086993042,-0.4550171055704312,-0.4314489393410281,-0.8142350075081525,1.0721134823538818,1.4600519059596073,1.1167809080392281,1.8601381258618583,0.0011361687577420476,-0.9493874490070205,-1.4565146485842144,-0.050591587323134936,0.21750033072703526,1.669406518212775,-0.2659196638173479,-0.49008919143050234,-1.7197862469044787,0.06498583450896415,0.16362146314723003,-0.6615326474032136,0.5150262011188426,-1.476508050870064,-0.5136653842778499,0.8010666338907201,0.9700770894428266,0.3374728918572463,-1.597112588879166,-0.15113110073281524,0.3616484062472568,0.49735394760488827,-1.0076458448133947,-2.16168743348243,0.47089269558051455,0.9946545111814954,-0.03055950139220787,0.4056253631990963,-0.5307897286221511,-1.6903113185710574,-1.6995968519929678,-0.013657505462139168,0.5154565985852765,1.0422796900638145,0.39392023928438963,-0.35625220670645,-0.5800182865633428,-0.5958899939802234,1.6760434714568337,-0.23618011218585716,0.9108982253439711,-1.3282712238019483,0.7692361551002063,1.1217865590802854,-1.5301378513803872,0.18862949188192527,1.4886394834761134,0.25546072803435244,1.0184692041204884,-0.7614066325221168,-1.4773650736822939,0.10870388457787113,0.9344792056370416,-0.16272198341274394,-0.42829229140964614,-0.4559734054192474,-1.0209937009169552,-0.32593931725885267,0.41193009323161295,0.5377163041648817,-0.1516984031485192,0.9018619526710507,-0.24802499086877747,-0.7959168666835807,-0.14498132285351925,-0.6418470075398823,0.5964598701822802,1.555040809410982,-0.5083534260512151,0.7835343528189196,1.4292276621110385,-0.7340623224395025,-1.1316210860287894,1.5197440752344606,0.7472207357843462,-0.539248671047186,0.4926150588347773,1.0096627501981923,1.0544541913238261,1.5438529245589965,-0.5877312987584858,0.6713842588093512,0.2993261679006719,-0.8771910618723631,0.1294189850010495,1.9468234032069118,-0.3444037254494267,0.6344545740992108,-0.13821136694295802,-1.5597360915547351
-1.5355206590020503,-1.066861433526396,-0.9208445175325243,0.015029485364144266,-1.0786224834449967,1.5612342731943671,1.1265286382654671,0.18525589843437007,1.1846617932869108,-2.1263480359120974,-0.7547582829379965,0.48820489531219213,0.4646939508592205,-1.1881221843865373,-0.23983961257981015,1.900773412574677,-0.42706138845446495,0.1375998137370133,0.07460025397787609,1.111034917584161,1.175435334577705,1.6804321564794356,-0.41106179882644384,1.914448486292307,1.0460347123232665,-1.0034681197511943,-0.899867273602168,0.3955380352151426,0.22264055866995944,-0.09431881503583944,-2.55984901308818,-0.8658676196214696,0.2787570487919971,-0.04486864543695549,-0.10876678223941921,-0.5982619665317996,-0.5473971888123313,-0.222125446156271,-1.4305923453268299,1.8052523589902363,2.212551084529798,-0.13135029438197396,-1.3833822019817876,-0.5921060201933176,1.0855698504087579,-0.6777755571842207,-1.5902720691293388,-0.7478458096369364,-0.20755606030251628,-1.0172631369755327,-0.27638668057245386,-0.5456616411032349,0.6115043454202239,1.2937511208062915,0.3136202545127297,-0.9188030929652738,-0.2912726619448845,-0.24470000488166502,1.709666681372444,-1.7976195130154482,0.3033474124565464,-0.6400239610322197,2.042172259125593,1.2996010722171198,-0.08827384604488182,-0.6608112277361223,0.0014520502994274868,1.694302310952188,0.15778362858341463,0.8650003631525693,0.25127779436981407,2.151618475546002,0.5252531087646723,0.4864223869037421,-1.3865516457962122,-0.5951293480228218,-0.2819093694487242,0.11376668442672822,-1.096064076977889,-1.772400562483315,-0.34478195774911147,0.6825243092972818,1.0138792038466553,-0.8020210052261009,-0.47235070869847734,1.3282910597903488,-0.47836238067190534,0.4804868756208179,-0.180986357714018,1.6255998624214532,1.229605328228988,-0.628581780329173,0.9639592230298341,0.20623346645576876,-0.5938355122441668,0.9787159448134941,1.2536701336631326,-1.0591280719747695,1.0589413880374146,0.03185879638745132,0.8049180757496626,1.1751993118843425,0.21928835785089662,-1.8492784284454387,-1.6423484295727013,0.1256112868850188,1.0793709320376588,-0.4068665186589672,1.1485977545158153,-0.3387859426098404,1.3942968727750558,0.4043264014235035,-0.23437325228218422,-0.39883363812249467,2.439762867419731,1.3833382438369282,-0.41382612397359253,2.817323449029612,-0.026104737808590357,-0.05409326078761001,-1.1527825885059773,-2.3851063782740525,-1.1821820878045632,1.6238996202272244,-0.8858183556083972,-1.5134983389923122,1.3083711528680395,2.009443521669219,-1.3495925728841813,0.3270080739407955,0.4019399409534248,-0.3814012153758077,-0.5504340935631216,-1.4440147960520293,2.2205876489219762,-1.982706670377115,2.1824404781464866,-0.1763846726409224,-0.5842289236254637,1.490929568572152,-0.4772816061333963,-0.7891879206503686,-0.6346141755975899,1.4770548650689468,-0.8960237871702598,0.1959063429213807,0.41212949688264816,0.9302181300894881,-1.8385715728827126,0.7276404470883582,-0.32652412571585643,-0.3173085786160631,-0.30850764173240663,0.08680331436977902,-0.9965402515923424,-0.6045699004711695,0.31913998270935634,0.020643807992404006,-0.9458858973316073,-0.22203060984332107,-1.3948957231797054,0.19591107848661368,-0.17612790618313165,0.9553516264124006,0.8822168007408523,-1.5381645463239908,0.502054018293802,1.0507391915579967,-0.44024444095444215,0.3806420455511265,1.1746386828850495,1.3782732363126255,-0.23174337603988882,0.7015519675089128,1.252000341544018,0.49366704515852067,-1.3245982417880655,0.08396884615463111,1.2539106526080357,2.1284514612592162,0.22309228061950612,-0.018013131256875568,-1.055380035106567,1.3794301105390692,0.9817995959898705,0.39348934594510104,-1.0300133129746836,-0.0320544638785164,0.6884284068465728,0.5099642409885661,-1.280499626214209,0.20432724651399967,-0.8829143823976626,0.9215986046577244,0.17598031724026084,-0.10541783136765245,2.1723662361686484,0.3692081472185843
-0.6233104400739506,0.1546414785384997,-0.3131162842241464,0.12064531438639522,0.2029558822976917,1.2887091912019162,-0.2707388464911847,-0.14859378772630663,-0.2998684746985397,-0.0034107938157297004,-0.9034712834446867,-0.07356241897937087,0.5610460837853859,-1.2360784139726033,-0.3373853694207803,0.00939566537358081,0.04488809148901205,1.0825992326793974,0.41092628393854247,1.7230477559438189,0.17338686128438308,0.7056344032448167,-0.04836966470587434,-2.129729216782887,-1.0905015518768053,-1.6832013143539113,0.022723052067761672,1.7241458128216725,1.6248071041564374,-0.970632391768499,-0.3770972417431246,0.21804357598974963,-0.16514848566505377,0.12734731021752788,-1.1285500016925796,1.4648551276024284,2.069154078285561,0.4248368641145605,1.440356523720755,-0.4331379735111119,1.2971196785152728,-0.2537045055910326,-0.5238489462232866,0.4381148822575608,0.9636803751709875,-0.5025435248986305,-0.13330168456605296,1.5385839366850345,-1.3582884855740045,-0.3501911244814428,0.4769203504188443,-1.3800097521552652,0.5365805042576414,2.2954920875494005,0.002398391760840301,0.13099313967292506,-0.1402797961304351,-0.17872310034132557,-0.20710497275176287,-0.3855607631486901,0.5015526367974353,-1.5571404856501816,-1.092988699207344,-0.6034311531736017,1.0539710818983596,0.5123617432012979,-0.5459038549113518,-1.214911064154432,0.25112154878860005,-0.9946175687374919,0.4551488897432031,1.4829776379798227,-0.4816704735739339,0.20161324696839222,0.8757936499544787,0.4800936686141737,1.2031386242806956,-0.424564569757642,0.14441895321804815,0.07863829835553875,0.36468046829747713,-0.07839137432224641,-0.5039673197016828,1.3068808213639067,-1.1144128963733073,-0.7265355538490362,-0.5556624045368594,-1.270703508992769,-0.02460472124735386,0.46449241290714827,1.4257560280998467,-0.029834634458374604,0.9753190664560001,1.041222285649359,0.36137440531787857,-1.0294983402424245,0.004882316444162546,0.24497628704752986,-0.17502068539705065,0.916090634802685,1.178607906709863,-1.2229773330755007,0.8598734181506402,1.9906741810250181,-1.2978102448333493,0.4224674588405723,0.011369264359664552,1.3072574932435512,0.18013405770869811,-1.0441163161597635,-0.3479557565595673,-0.6590371001286985,-1.0166167152877508,-0.21971630891903673,-1.5657945932643398,-0.325805500612814,0.5889113607288615,-1.0783442683644047,0.5185602414412478,-1.2385444437840156,-1.7361781484257521,-0.17572328494065834,-0.12650103007927088,-0.38040160110422777,0.43474649822343187,1.1147104038923252,-0.08200444709002182,1.1905231116438675,0.7564797522662665,0.4395408099050436,-1.33514609803528,1.2014526127614606,0.9852663519025154,0.341212048211226,-0.018579073628486386,0.03873991785241133,-0.7297457318404958,-1.146429946346627,0.09181817754658732,-0.9985489941961929,0.1725032797631198,-1.28833988334439,-1.353323060064706,1.343201006128876,-0.3602043016014601,0.8280791683129894,0.8643818172752146,0.45382606702790096,0.7746207783528501,-1.124551423595425,0.9876140733969634,0.3801739103329647,0.3112916894303904,-0.6084411206141068,1.8295543448619498,0.4126630762237801,1.9160575389575925,-0.9253851137968602,0.34410138206401386,0.7114872459046986,2.221402212478704,-0.007729320906570468,-1.6059121707417814,-1.0930314996478434,-0.8221713371707094,-0.2347535023159508,1.6598557128349605,0.5750179306386376,1.4233539798108703,0.605175003011052,0.2851868358084589,0.447034124772843,-0.15487361767975585,-1.410946127730622,-2.6207433567934055,0.37038690838149774,-0.6777344169637971,-0.8700134941219376,-0.5675503885552586,-0.29039673930972915,0.09105427486542277,-0.5263074245404429,1.1359371115165624,-0.5431714705266155,-0.0007656507498825141,-0.26745164478102773,-0.016065676675387077,-0.1483413708307067,0.8643519921429612,-0.44964767010037626,-0.5900479135189515,0.1330085233181987,-3.082643613917992,1.0517300112521168,-1.9411416144153144,1.2196508183385077,-0.3723373814239413,0.966530142913763
