-0.8790615052480446,1.042814569621171,0.059629389128745276,-0.7629417300274742,0.48771135027704254,-1.003220929357025,-0.3182311120033876,-0.6819777057728145,-0.19630526815883312,0.9017540704924435,-0.28574016332262675,-1.2485404525299792,0.25918026858934345,0.15877315935256991,-0.9058363316026736,0.636176049241841,0.4873321562096583,1.066210128507757,-0.10461897499144136,0.4765894028064223,1.658692127910747,0.3277560371277664,0.5037757267151571,1.2374012670041763,0.1113762123972729,-1.0971682750208949,0.3601964201694113,0.31409567127162014,1.044896494022335,-1.0193293285129548,-0.18809448921331107,1.6501706750226581,-1.46043118646646,-0.6027999748480835,-0.9545307330786915,0.5721311738114743,-0.5338542165357031,-1.472541962960828,1.1624818402412187,-0.1319816504959904,0.5138928907802696,0.8724807380980025,-0.6702822082719057,1.2663473191872645,0.40008927599674066,-1.4958810910790707,-1.8028960253060682,0.28215473334544294,0.33909919377474046,0.3119753512809702,1.2850789599011434,-0.5952083993133755,-0.05665730135412679,1.6510936623516799,0.11290001033009713,0.4836374803028142,0.12835197018965883,-0.7577623996517133,1.1178415714624519,-2.2125341187086414,0.11052252778050672,0.5841683698314658,-0.3761439478699124,-1.8758186850697893,-1.1678886215634585,1.1932700532480738,0.5528252538626097,-0.34211621820979876,-1.3042811954745994,-0.7794751353671817,-0.2000614481151405,0.6170117209836277,-1.6881398323030548,-0.3436231410369653,1.5525742034200454,1.2129790535506848,0.7081552164228699,-0.03831852082988669,1.9153716307018511,-0.5780148201282481,0.28126752768233465,-1.334779723962697,-0.8147576283878135,1.0209150057192184,-2.0868956580145284,1.0198321748053556,1.21231491546966,-1.6996644974322777,-0.5832854910628708,0.9592730743136796,-0.30829836806628874,1.0806477553031784,-0.02002785344810106,0.4256687530342487,0.7389994223561435,-0.7796320045510983,0.14160018138207764,-1.1078771787574284,0.36560351723863677,-0.20840048655886073,-0.372563878223869,-0.9495290794313835,-0.4110769719104506,0.8387701193041812,-0.7208187334701724,1.3592194534956317,-0.18985215026063143,1.4378600230620011,0.11768579349090623,-1.0308248964907665,0.8914493543335298,0.5732926508744689,3.0162929309868223,1.1570518940014194,1.3837090251273103,0.35384456712757717,-0.13661882893670146,-1.5733367659383806,0.46251887910714157,0.5334587394352043,-1.4795568857628707,0.8690550597246787,0.3033585503617431,1.03219492069567,-0.1202225379142605,0.5721873998242054,0.40674035565132644,0.23117860977720936,0.707318462621732,-0.4464676769720261,-0.6342936686819522,1.0094543390216828,0.6434773764875213,-0.88765683277928,-0.051084041555569226,-0.2792088100150459,0.4571896970932052,1.3840057604975553,1.0440855431850575,-0.3851712101908542,1.2606949090924577,0.1263632391564822,0.603951353928389,2.4045436754401575,-0.8844617699140409,0.42771388115888176,0.10569537765544788,-0.6903712542652369,0.9656439157103279,0.5857568507775047,0.17265783433311924,0.7151695271780553,0.6602324241304116,1.7888703463240097,-0.41001291166810205,0.9916731009044621,-1.7281819794655735,1.4285742800590289,0.41560998353007383,1.7189949248989063,0.1817821861026921,1.5321646483169629,0.8393565390447878,1.0980048251735062,-1.4089922342554262,0.09105750689710776,0.6482588059333835,1.5700816847972836,-0.7930259574146573,0.5670069551771867,0.08684358547405482,1.1215666791698244,-0.46634685485092603,-0.36478124116513755,0.8408747066897134,0.9491674465403556,-0.5565966994294779,0.2222336039970757,1.9605097279113675,1.4121679207964257,0.8625918149326038,-1.0893658764468679,-0.9610246804742514,0.9467221161770649,-0.12014831086092366,0.06903848545889386,1.0032955218987365,-0.21635864297470933,-0.4299714872608172,0.08333479422567021,0.848638339786051,-1.5607474593607265,1.4704073810568674,0.3934251122107694,0.6898601932060021,1.6478373036306762,0.36771993947689513,0.4192891466309009
-0.0630774436785312,-1.280446248213666,0.3669824003333361,0.7727014295485926,-0.13560080655448417,-1.4457251211692306,0.5688668887539354,-0.2231174922619866,0.858722633964128,1.2471257047418778,0.09051237232871097,0.2088330270692165,0.7261098385842178,-0.4717680078441994,1.6286540419904423,-0.1257514501326864,-1.1556151381605886,2.295326515371366,-2.086557830616297,0.9568482992909222,0.6421074780874683,-0.8827178650890225,-1.4318062332454797,0.15427941125699304,0.41824369172052306,1.5908915555198557,-0.37498189189649467,0.44279011747898056,-0.1473380364897694,0.10829638052368606,-1.040144575832178,-1.941538937866965,-1.0137187761679685,-0.43732859414689357,0.3014293940980179,1.5358541916714623,-0.037916182001801274,-0.4384372786528648,-0.0739241407651395,1.121282241662716,-0.2561576418607466,0.06384069167622655,-0.6420618129157024,-2.8693315548013563,-0.9252255655646979,-1.9396285899368093,1.4883160515645577,0.9038264218568032,-2.035854721154523,0.17885099948422775,0.7183970599331491,0.5895731022815099,0.43025833167158956,0.3509572458088409,-1.0711840733758806,0.5028170516719821,-0.4291502067009075,0.7331123352272844,1.1962185568530217,1.420248910355921,0.25532577427656017,2.1294844681970306,0.6305001481952607,0.7991927324444543,0.5216697701356355,-1.468736110546118,0.3898059472323806,1.0951969776232606,1.3108766324576326,0.36604093786974584,-0.8744581441233454,-1.395845926733356,1.2262540824519748,0.007456629488271683,-1.1313358966912048,0.6448314212255642,1.1728166687087889,-0.9935064836233971,-0.44197057128860445,0.27877935306165125,-0.0013362320882320034,1.5030698724482499,0.14190082712719676,-0.28391184481045256,0.10245964348784613,0.5267771808219992,0.5288969585832684,1.3561390030517235,-0.36161821210168604,-0.4290008033495141,2.5151757293722348,-1.4825133451173929,1.1348633479118027,-1.1926733282022848,-0.6198966857498478,-0.15214969733243547,0.6963705948572503,1.974011279645377,-0.11628659268965963,0.10331150752575591,0.7480325236165236,0.05873421940158294,-0.36758764400727123,-0.07013063740375437,-1.242995711643732,-0.014077289852401254,1.4516986187894156,1.6201095779194168,0.8802230055348065,-0.7173690239816778,-0.9082581904851156,-1.3593071042748954,0.9622250811314309,-0.28091830907779797,0.19611225235243093,-0.4068610712404094,0.586019461638888,-0.2557550763049359,0.44829675947001557,-0.11109943557868682,1.9591598369799386,0.9178703132773426,-0.3840163555558605,-0.18211548958459567,1.0546007163513724,-0.1613709312595577,-0.9171783070587853,0.34321524635866907,-0.3728124643249742,0.3769758765348342,-1.0905248557798242,0.23512627399122973,-0.7777616174694995,-0.3986328957607615,0.009725787287426232,-0.5623171618106739,-0.8014584423738522,0.748392628812561,-1.1693875519114127,1.7666512687042721,-2.570809808551452,0.48838173962365916,1.0493738389383194,-0.744928956847945,-0.07929197512947016,-1.4141163163324006,0.27898896374195337,0.7529521207650295,0.18833141185145064,1.1123232443893631,-0.732289307506653,-0.6118082254996557,-0.36552526850386813,-1.0029902782602131,-1.036853417301878,-0.4976412178299151,-0.24917506624709837,2.288298933348819,0.9729051206682173,1.7943433721712532,-0.5497688172713978,-0.48932361921728046,-0.6016535464891399,0.1751856571960547,0.25960037785882945,-0.05670960621757772,2.329408470472942,1.9912639327166608,0.8283341578124223,-0.04452224981056499,-1.0111430880344847,0.44752607361800745,-0.4905547197615089,1.6515002826000733,-0.1861700543084364,0.8629961839978724,-1.4891676296598302,-2.421224344372986,-0.431606317743787,0.2832137820277967,-0.48735278804927973,-1.1215458536586107,-0.28005333263026666,1.9639238756914676,-1.018484364642926,-0.9503301924706133,0.4339373144230415,0.8097445170176191,-1.3104980800595514,-1.001099675495127,0.10791282735707942,0.07655963675549789,-0.8062378194452707,0.014897372083091649,-0.24167100078206846,1.0200041954730132,-0.6649724134442558,-1.8430059140176447
0.8895906824393026,0.48500456538444797,-0.3285168114198853,-0.19646877746173186,1.3526942587881758,0.3129347414168441,-0.5468946589394679,-0.24186074028898422,-0.6975364217919686,-2.4752261246457907,-0.13005762170417384,0.2299365092580576,2.64278687110058,1.3720706337353485,-0.22236358396368297,-0.5180695215610872,-2.1334337068161147,1.4098582447564378,-1.4828363484266323,0.7523415425204412,1.2620547682867866,-0.8291554427055094,1.146196286900641,0.044504570829047914,0.2634457510978965,-1.5544002137024429,-0.5978982973135514,0.7256829612790268,0.6381877738960487,-1.0438061419310363,1.1048543203129875,0.6181907388957586,-0.04699597858263351,-0.3729797085424684,2.6244839876651103,-0.7565367965901809,0.7706434523759358,-1.0061777373603522,0.8779103748830498,-1.4064315084496775,-1.2855371311109258,-0.029083990398053084,1.1823860396530799,0.06453723342530457,1.0714534752006588,-0.2445805715992931,0.061458922785396254,-0.11731393488689566,1.1224320047601843,-1.6637734122718035,0.7185507698394188,0.017353459912148244,0.2698454610244937,-2.163761493191072,0.7738865313593453,0.7793437617553456,-0.6437511072336826,-0.6849824011603963,-1.4969623638517149,-0.531470984849561,-1.2929499763128458,0.9213061568629582,-1.7001662590133655,0.45941351286908355,-0.18177632650618405,0.850670256759332,-1.300205393613306,0.5700078960652604,-1.048420780889717,1.1938627005631894,-1.353373609831753,2.372575655581832,-0.5896724204077581,0.02864671725550474,0.9005076102143557,1.2481114584818735,-1.7221661697706434,0.20305682308741074,-0.942305617066163,-0.7685800169854008,1.0926898413191939,0.34082493607512265,-0.7657289729175388,1.3939629463602419,-0.5020376512773458,-0.15486568021904334,0.6401953943908939,2.999551086667653,0.39438042108883264,0.631085971688407,0.944681853207108,-0.8753772066302992,-1.0082072963423245,-0.5742588682400068,0.9950082736916092,-1.3576926528866224,0.4793825987354704,-0.03698403593900912,0.1871735296629213,-0.329154039080137,-0.18516105111809952,-0.3802295482733018,-1.0901036868493121,2.169447540398463,1.6575829868305851,0.09095274484302485,-0.8929999831962429,-0.5441517764084627,1.5002212445525662,-1.5127097315579094,-0.066187204733753,1.3218886663275304,0.6417981151503162,-0.10744530954582757,-0.1901353367726533,-0.32268045567076004,-0.47814034282400963,-1.2136911601237372,-0.7652447974041895,-0.5515644326383945,1.4115487147965136,0.5775682330077718,-0.6424610113329929,1.1169048068974603,1.3071273303269324,0.7218033188827905,-0.9423041240752704,-0.6870321990004618,0.44297245044867445,-0.7321024251988674,0.7929726932014344,1.29321929640073,-0.12937621572780544,0.6065487360238654,-0.6098514732160043,1.2388658854775225,-0.013649501419062151,-1.7957238398122255,1.522683960708206,0.31865390487879697,1.3136252375871416,-0.09020139645214464,0.17768731054533685,0.5305376813620768,0.5818807979212351,-0.3969226837615735,0.5296930922318173,-0.4913118039109226,0.0154065050529507,-0.7748047448977261,1.149154264096089,-0.8574599543129967,-0.40762577281605056,-0.7298617452018435,-0.8637488555942814,0.5171446568532385,-1.038572773656483,-0.7891546199845593,-0.5019568538513233,-0.1170762676414345,0.5708633835835996,-0.39337996590062746,0.5992709335347901,-1.4293735149581854,0.10938866963037551,1.113578459109408,-0.7841912516295635,1.9114395113675084,0.3677631971453511,0.6179380506291803,0.3539752943736423,-1.5909753406106495,0.284165507893174,-0.7114778526208426,0.6298574679254147,0.5988825398424884,-0.267251220731374,-0.6482132750366407,1.236340519605323,0.6736024748406146,-1.1337403884278572,-0.776488524366281,-0.17716845592654823,-1.0569202085251963,0.033450624706598736,0.3363047681296061,1.2304462910435874,-1.9406068623235126,-0.4819063779971606,-0.3112031634600141,0.738731639063595,1.587900726292233,-0.411801227656595,0.02761557450347754,-1.1693896096849854,0.30914945488416345,0.21519656658109035,0.27735372007329767
0.2237397464566975,-0.7787802373966016,-0.07220631964014132,0.601964879058028,0.042857214793594764,0.7013609130429088,-0.8288827678676484,0.5170315796886211,1.2172237102972352,1.428343279837756,-0.964649422294407,-0.4854318645590508,0.5980712304727321,1.2799949764136782,1.035188624206341,-0.6066207565084049,-0.17901303319111864,1.9796008814724377,1.4732064493582455,1.2912373113692763,-0.5186877450387092,-0.8499156625717474,-0.12773416020693476,0.2026997591136024,-1.2490805390536726,1.0351280774714051,-0.46911841816185257,0.07828933818437699,1.0870317782471108,-0.5624309831147263,-0.8334773751442776,-0.8413103888231398,0.16410788024650558,1.408189187847797,0.547138215572873,1.3672794125716063,-0.21794875290009194,2.0045012594335065,-1.8409754693052545,0.3096048290838488,-0.582468645179093,-0.6994462808978587,-0.9400522740951955,1.0234543395163749,-0.8433668204327449,-1.6323035958794032,-1.4588720679409453,0.4346434648838928,-0.13753538672250387,-0.9089468807676835,-0.039009459301289004,0.34766065983458266,-0.03457568569185441,1.051247066128225,0.8353660476262096,1.7274768149204538,0.5288516560635902,-0.933078275484767,-1.3834152284703731,-1.2951900034929404,-1.4130065903034403,1.0611164997238673,-0.6404023648226962,-1.1620864470975845,-0.8644412079880034,-1.079300355859454,1.3005363170480273,1.6218562805533325,-0.6678678351572662,-1.1502635987765883,0.47572679111676003,0.260377005901666,-0.7122632671872314,0.9479617291165551,0.18538417817538458,-1.3690475974693987,-0.10497597601055864,-0.23314253862149611,-1.0009982767308698,0.34917016225271963,-0.31583753736802883,0.035290094266861506,0.1557262227414772,-1.3826794992292422,-0.5802920383347417,0.4846457589450737,1.7855013305477527,-0.45955915124029756,-1.0895397819416048,1.5191763746032163,0.6495481920454819,-0.568620779568102,1.2609787013034022,-0.7756218827847624,-0.7343899829446184,0.5315887189005557,-0.40269701208331204,-0.24329631740452204,-1.8521132071144137,0.9521278188209136,2.1845518777210393,-0.9738809541498524,0.4908518368623285,-0.598607058739342,-1.0884131853841226,0.23888395626956094,0.282098380694505,0.894244486141025,-0.12258796326151596,-0.18068630655582849,0.5779560653085447,0.19860397609693828,-1.253304575956254,0.00680342397438235,0.9279252052611686,-0.7499978154010453,-0.4692394110941048,-0.3245602744809348,-0.25051030570901606,-0.001524595119149952,0.08455747329778558,0.20414509166226513,-0.41924971704180575,-1.3686700727023355,-0.8007172859965536,-1.1265980086791598,0.4982365701067303,1.3870105158458328,-0.6387175700867267,0.2819138251380011,0.8496647191989413,0.5133040629926374,0.6059105091580854,0.25520404155923665,-0.4149618954277553,-2.3691972650518855,2.387993822073907,0.5702754240958575,1.0117096658249098,1.1508741294290536,-0.8834095698181887,-0.8683727642568098,0.22877161568627388,1.6900048042177165,1.3177220795179188,0.19666751193136864,-0.4804512676909314,1.1132178144817675,-1.9471083586134765,-0.12681167045144204,-0.5530296914315295,-0.510631466575786,0.8739784786208824,0.5425125214624051,0.6571414819508683,-0.7654373191252998,1.0868968292951642,-1.521972338552055,0.49723523573252615,0.2677518754970524,1.6074453890594853,-0.40731384645540897,-0.8015543955010528,-1.3159381104686725,-1.527169071995341,0.9244305671788678,-0.3786494696457673,-0.6113267446078452,-0.452771722759418,-1.2573638858866643,0.2010966361205362,0.3925300056956041,-1.7958701465165001,1.3290677575562035,0.23811899376662338,-0.3234529226207912,0.8056276169598056,0.30326937075707494,-0.1466276244122442,1.5860041852992928,0.2143343898869888,0.663984383185585,2.453623502182632,-0.7540301866059971,0.706677291528318,0.21094327580068734,0.7387931950413691,1.3137154872431893,0.06340732421275898,-0.16228208433462873,-0.6007417704559154,-1.4005853563315254,0.16544341261127926,0.6266199864565274,-2.598175645734607,-1.029646132135695,0.5947688077410995,1.2834107523886498
0.47669309160782025,0.27186191226935924,-0.3056201994670734,-0.11467084081533264,0.9569280612258617,0.4831325969370896,0.6326968293407581,1.9583490061666373,0.10248117170772329,0.1707506446213569,0.8515444613560053,1.8872446976709552,0.9495284703121961,1.4000844535478447,0.4695006083663785,0.40176580847833254,1.4427246893113412,-0.3470105300077228,-0.17688080656116717,0.10202393098145629,-0.7994527408734342,-1.5172250505842368,-0.011642100126316376,-0.5503447547721104,-0.1102862956566041,-0.3707427677484292,0.5523625662149524,-1.9790375202328168,-1.0567363306102318,-0.03523111044359199,-0.3405965577244996,-1.4772015172934192,0.9835348757358403,1.609604785903696,-0.8361778899314594,-1.236885364474095,-1.0509509820896696,-0.8751191189861839,-0.17938493087347787,-0.23538283797790563,0.11740391795913496,-0.6727501669404117,-0.27281988384273204,0.7981016064883851,-0.6978067221100287,0.44808624925328866,-2.146578668801704,-1.0946105794957077,1.118312287753286,-1.8836815800441755,-0.09238132732230096,0.7408351172731121,-0.024514754585991727,0.4242661708121597,0.5247096403812337,-0.7397674798189533,0.5754793913120875,-0.5747583026459133,0.7711414671669402,0.8749459497865042,0.049362804521648825,0.7224053140086857,1.2117291540565078,-0.668828869641541,1.6669916792774515,0.304978014238562,-0.6099036799839473,1.8323848566216558,-0.5940129173060095,-0.7952397088181524,0.441156125291198,-0.20299328351857518,-0.7298007183881198,-1.620980367675702,2.017514656879599,-0.17288980624962255,-0.8940948126766337,-0.08663290231811749,0.8361886922868402,1.2043824107371413,0.3289083511698755,0.18358367479223014,-0.47677011845572853,0.8425482549079536,-0.02271417615300179,0.9985205208579471,0.6644459652572149,-0.5286269505988529,-1.204915150989197,0.22866055790009848,-0.289055767377575,-0.8145306450535904,-0.19948284109377298,2.0057381994989467,0.1619994883704344,-1.4659031101919338,-0.27058246870445335,-0.7358684233400712,1.4712768556271165,-0.3328659541666128,1.1890764149080397,0.2100868324413814,0.7955339655854936,0.04554745154798868,0.009867305030507919,0.47328523222054414,-1.955269788780765,1.8904373781770605,0.052562986596892534,0.34212939603216846,1.6817662086016918,-1.475604832732331,0.9614445254999006,0.6162759230789715,-0.7465123358407164,0.7904139245840675,-0.3682269179307676,0.15479302649029505,1.5036559164061722,-0.49353636605643997,0.020623058537282635,1.5673129211001564,0.7927328629587904,0.24530872354626468,0.4615536884305663,-0.008896053914425254,1.5795539150458577,-1.812502334347103,1.1719548819049348,-1.3112117045332616,1.5792540024162336,-1.5373345687328548,1.3716952093611934,-0.3278601718054984,-2.4744358661042973,1.7599845338598545,0.44341659681341167,-0.52939633940107,-1.1052849237997742,0.6124117893217116,1.0695659363593562,0.27336515496692254,1.8715966441871632,-0.45980782459839775,-0.2689242283206806,-0.353029624610133,0.4457469485517775,-0.9021475872351268,-0.7399500046123341,-1.1429775651283516,-1.490640108237467,-1.418663483756789,0.6955290554587049,0.2603922237225997,-0.2207715926044016,-1.2102124278291964,0.9538856174058592,0.27329115665427384,0.9631326740115995,0.8940792746257491,-0.9227858624950374,-1.1343541854828927,-0.678471508959926,0.0065425469425595744,-0.9578431893120936,-0.5136786352585143,-1.134108403082554,-0.46230074095430285,0.4761682567310113,-0.5311622285442877,0.47096981743754673,0.44799272657155903,-0.14486065201899861,-0.5236469815666678,2.4433648234488596,0.1370169388622581,0.3085281809384939,0.5888559704954688,1.430546656060731,0.05396812937797875,0.5170527729590964,0.7422070279342028,0.4165497440501797,1.53906607162435,-0.2739493816442874,-0.744891841562278,0.41783300548048197,0.24373232919519913,1.91936800795588,-1.451609984831296,1.276073095215809,0.2353797302113696,0.6761522448434273,-0.15014420630279618,-0.1960175069677815,0.4932349104526624,-0.37512371741278966,-0.5907423118193341
-0.5801257449259658,1.8748595711638334,0.5162532831938663,0.9497491693158587,0.9968182923773112,0.6300210252189606,-0.810241819849636,-1.3850749341904518,-0.2036273277608555,0.050093931750465705,-0.3434196450261146,-0.8150504869905731,1.0285870007575817,0.3777774463452732,0.22116426973170344,-0.2289735734117193,-0.46974753179154277,1.8828594546939543,1.0216714564295284,1.0007744192222765,-0.9607820474016563,-0.8954581019388732,0.6377558815077939,0.22922507729159045,1.3789517310739268,-0.28850762744641495,0.5436505233061664,-0.9704621439745106,-0.7836873253417843,1.9660229255323254,2.175812481622416,-1.3396465587377844,1.7494594849109224,-0.6200110157851333,0.9291523421665168,-1.131668473572787,0.7088894689627809,-1.521870832606521,-1.2982519594076896,0.11672273447035046,-1.001723115075214,-0.7964143334540913,1.000327087279495,1.1101528872955857,1.239146926944046,0.26498737140194323,-0.07681783446229415,-1.1558194466358809,0.8716306713063501,0.6553177783619899,0.766638248646247,-0.2640629855443764,-0.361189982792395,-1.1560432135087961,1.1586488142933082,0.534654441528479,-1.0080937955136868,-1.188927076451055,-0.18270955730354688,-1.237314455194144,-1.585944568823492,1.381006388807057,0.00819058792825761,0.2862177341320383,0.30730633916748185,0.8408217430540297,0.8990220637787406,0.6578835125125144,1.8170024477642184,-1.3977019101631778,0.2245834059136391,-0.4462644148465231,1.038457308439924,-0.07084017844178969,-0.034428073361558086,-0.5242630011567818,-0.9770169503586966,-0.05004149217355918,0.582226265647327,0.976671004639576,-0.7020862483764422,-0.7970325299901209,0.957298927371056,-0.033220055003285814,1.6301276294868876,0.005864572259849177,1.4533533425919625,1.6238625812671108,-1.0102840737258691,-1.2331946100196438,-0.6751829133845508,-0.9651568152169948,-1.1260275231829353,0.243060251880279,0.3501052512117142,0.2039464961367051,0.023153410582186094,0.9355476401209466,1.6043352164261095,-1.2160675692429286,-0.13081541266423496,-0.42509281569921537,-1.3714712048814381,1.4022494016333997,-1.030860356633214,2.0454742664436947,-0.1811451598761515,-0.6435733555328209,-0.0885500261263187,1.017952576495991,0.5852573148450309,1.4802114067556835,-0.7874059936881539,0.11394510581826443,0.5496352872504373,1.3003168435536814,-0.15042672551937597,0.30164535300039985,-0.7142652913190168,0.6500246475263955,-1.0394580595136977,-0.9419686614812584,-0.4674917619226918,0.6728675181277743,1.2328098565231045,-1.8692044322496126,-2.2305993871414884,-0.18896741247910354,-0.25839922561387574,-1.198704983900254,1.3099855723778726,1.991480378241351,0.7692265825923609,0.40244118457905675,0.6295002869686807,0.5040719130244815,0.926458123499984,0.5179313475671001,-0.4779602860473008,-0.6735787345241955,0.4909086945310314,0.7290100707663663,-0.23558223882754836,0.1824185890532807,2.275893641753757,-0.4887556137043588,-1.0813432118127466,0.46563028321124483,-0.883689902871667,-0.8776328447902594,0.4993188722430186,0.8393542442855613,0.5371948443174951,-0.13066581735243332,-1.261391760220224,-0.9011023073661364,-0.1679656513344891,-0.03595997892575365,-1.0594835237704574,-0.8011559433130276,-1.087324930927289,-0.28017310612274465,1.4406998566631155,1.338944100186688,-1.400336241553256,0.11153362719696276,0.5049182975579545,0.8412715249246889,0.23869467234609254,-0.9233959231038746,1.3210516325674648,2.142823437877351,0.06175492152583263,-0.4978749344554469,0.29972801035692653,0.9545655782203235,0.6404469886118795,0.7538015406173229,-1.272465457978385,0.6245435276154958,-0.6394237215539452,-1.9215885123505587,-1.9197664696528898,-0.2942991422782369,-0.8759004721035334,-0.6191725852115836,0.3252893593881217,1.272510159259423,-1.0912665943906341,-0.5275023719804307,-0.8958862100251039,0.39287948457408517,2.186922936401826,0.7914983327036411,0.4677194255390216,0.2484267507721548,0.3225120294365712,1.1755412826946892
-2.027021737366183,0.22679817563828975,1.0370281313516667,-0.6638389748984205,0.06034783246930915,0.33450230222284094,-0.6186462933903106,-1.895054281806132,-1.2186212281734272,0.005147389071308238,0.19865582734454487,-2.0992513035301434,-1.345218627152376,0.022297337885257982,-0.03163683896757015,0.7451380873222705,-0.7556500243535536,0.45825183467438846,0.33176348645056697,-0.6688707135783682,0.0789220888752687,1.8448685608542836,1.0864433696309017,0.924696363648331,0.02034521212443,-1.07925351356047,0.21143156495036436,-0.6787179821678145,-1.0533625199803882,0.9245058442460433,0.40089904285978123,-0.651043241245189,0.04281924468668259,-1.093590377382983,1.0035578976159083,1.034811369400604,-0.6629279208636679,-0.048319313439235144,-0.24784690016181044,-1.4601265654825377,0.64678926768643,0.597652803468403,0.17837746942738214,-1.871627807578884,-1.3715001161108367,1.078229240111242,0.171368666663224,-0.4639880484559454,-1.5991806303279368,-0.8483607578579261,-0.17413158442822635,0.9018160352420139,0.6079012830860775,0.5840475141533241,-0.04243706900930418,-1.5233767351622982,-1.4543121948750553,-0.21974248861057308,-0.17305228720942617,-1.1195011248949944,0.2880320013707353,-2.2357425816958285,0.5855038413576399,1.1832285969826961,-1.1492610159896843,0.4521378891350521,0.6384410488697007,0.00645175797762393,-1.773959983692858,-0.8616517015902027,0.805828675288103,-0.6121731916917525,-0.9716384766585039,-0.520216509809253,-0.9091284655042892,0.6040428427638487,1.2742103054966862,-1.245677404734217,0.5577062479407101,0.5855533261460467,-0.5921965428553849,-1.466769313516258,0.4666072040893597,0.2641812768443349,0.733796659159447,-2.320174266588079,1.6765605069482314,-0.8296401348558079,-0.7375432790871947,0.1906916092183807,-0.4469678988989837,0.00414868155056322,0.46086124431046177,0.34316083738717856,1.7356692137975793,-0.6180027041899095,1.0637506062802926,0.9896857277219695,-0.5786972552776938,0.995406281624231,-0.5231400576679198,0.12147180198015269,1.3707503526229363,-1.5925904594604676,0.22677918063440666,0.5970632964896531,-0.27247685945924627,-1.407407878990395,0.3229971867630421,0.18167704967173384,0.844815452175844,-0.31836558326254194,-0.7092235362914612,0.060719686835615475,0.6795763164523754,-0.5978023596223075,0.6055003811240763,0.5989089472943305,2.002672002818364,-0.24724704425844352,1.618116633619631,-0.22570957734074157,-0.5671989663577082,-0.16754548680145945,-0.8012077703924744,-1.291903314170579,1.469704043571678,0.17211673421071738,1.001958447397904,-1.51228362694142,0.7060162551493784,-0.7999575091280432,0.23377947091423856,-2.021653437076757,0.8482904497649574,1.5156915075350144,0.8969129416452899,-0.226471545505291,0.7534641654579576,2.1553738934923383,-1.765274863180895,1.6472247520895555,-0.7507013024726857,-1.408824139662248,-0.18766750250463704,1.8143183348153975,-1.5581269981872994,1.1689392766015616,0.28117999269048044,0.2004079431037592,0.24000019519586802,0.4816186149578719,0.4860177172637258,-0.584331337852927,0.3176001554404848,-0.008318429228155944,-0.5575068090973627,-0.29468154642067396,0.6971840887887446,0.12801809261033062,0.1315869793810686,-0.9591804617737097,-0.14064051259696958,0.6233761092742098,0.4585832861464994,-0.5483602154837642,0.5799780044788203,1.3580352721006095,0.9178663048752738,0.6304939347873117,0.12864925907593325,0.45450303820432475,0.5623353689751138,-0.16143532367401234,0.45701613476716935,-0.6900629523386371,-1.1194495135092328,1.8125610391476092,0.011387189893746078,-0.7074419928316006,-0.13202283642018506,0.2398137861095102,-0.06824267193658469,0.41026896792457235,0.005678711212238359,-2.9691752574090926,0.38930403893489385,-1.2039015745141184,0.10273398766613104,0.851558928606137,0.8285773379689739,-0.8779435103917426,-0.0057987829912039025,-1.2635084521435245,0.20849625706082273,1.690195062484954,0.48211068240911187,-1.767508947744082
-1.0452392056404416,0.6324504285661308,0.6251192215877772,0.188675207876473,0.5712287190402365,-0.598820548380463,0.7783386530802662,-0.7421662782269008,0.02891329518048005,2.114292428857178,-0.6769972892366102,-0.7519841450143838,-0.639044630580048,2.8766941319993644,0.16503832115209313,1.5804899695832568,1.5346110634407393,-0.8217371539165236,-0.1921621020263287,-1.0395720747447406,-0.18735841273097817,-0.8932215389371368,0.2118712624178027,-0.5358494894606018,-1.4611778669267435,0.08617465990878505,-0.24312915423956336,-0.5176704680627832,1.2730097066819828,0.05587251491948381,-1.9124920625722088,0.468827033723219,-0.5164651779500375,2.5560255832098786,0.43894916130563216,-0.5142790930727515,-0.2032817419431963,0.42103346065528036,1.1328743071851421,0.7668675607535675,-0.9904120320045223,-1.6460210118629082,0.5476139358232983,0.4845700114660742,0.057239140816897724,-0.04399134201784993,-0.35911820727444155,0.5324268045622297,0.9632823544557094,0.6741875771208431,-0.6060964105655449,-0.11337067508765364,-1.9294658685839798,1.0531448416031193,-1.0596546721767344,-1.0637914525007888,-1.6705513618284142,-0.7937845409786662,-0.29146811440208736,1.595234123895813,0.3208356198029122,0.7645044381645892,2.2337134976499953,-0.12385121815874674,0.5043873945280751,-0.7693858684682083,2.098643191725951,0.4135925203045995,-0.21917091225042876,-1.942898157761078,-0.7964619783254667,1.5061196988873495,-1.945660297356804,-2.4503498987660524,0.5598043517831968,-0.29365852946956955,2.2747327681696423,1.2039693736651391,-1.1755429791915768,0.7691793147723015,0.48464501095668744,0.6539527874927791,-0.028282895572627486,-1.4722502216514337,1.3345896461845315,0.3701544572509592,1.2704599593160253,1.4733130310627836,0.4424053336644884,0.5681263963597417,0.7606818993941847,-0.6925187308922847,0.19910323323135773,-0.07947996529245088,1.7240123107276581,-1.4671944321358827,-0.7113819266807917,2.535872860735328,-0.4780775622845023,-1.279689847776436,-0.1303090170085786,-0.46560222498910037,-1.3393035986453796,0.46521036550769296,0.2808614066560529,-0.9728953055309242,-0.5355709141238503,0.43705015618441867,-0.9762575213016056,-2.1559949049409006,-0.4301074665754785,0.9868185638488942,1.2696914793571192,0.5972785644078996,0.60761394892165,-0.16018786909143795,-0.867563442548909,1.4983307518949134,-0.8750382126758829,0.3407697288187511,1.050825272559956,-0.7874567235162974,-0.5289904691989104,-2.23701094818171,1.9127956502192032,0.18300721364601388,0.053495485046372256,-0.11755455177777553,0.841099230899122,-0.5781064724291793,-0.8260983621887287,-0.08517808258849131,0.19869026616474467,-0.06336826696122307,-1.8895898016378077,0.26144319089511214,-0.7480085969275156,1.1510752239456348,-0.6916977789938501,-0.10645203343481777,-0.32033664803716894,0.24554090186445415,-0.4010426000663169,0.8317831375348131,0.7874506456210271,-0.6879538946413882,1.4425467362690552,0.28704387165805006,0.13374408338900287,0.29308715496971405,0.3540509799181286,0.9427022851592354,-0.38550759158049336,0.24403532939003467,-1.2392226335008867,-1.8198585461699601,-1.7089975317965174,-0.8809871200450056,-0.6769153595205198,1.4207803072578666,-0.9954076111761164,0.6391033972127169,-1.3538026532005685,0.5997751550223565,0.38196918379676503,0.7865246577594797,-0.5753739358985909,-0.2707564236941678,1.4074557032949795,-0.20535735110143039,-0.21364425013082702,1.469342247034382,-0.31409821858001824,-1.0875921019350614,-0.9499069183919148,-0.14585080804914585,0.25614906934754667,0.5921794228080538,0.2506443530101196,-1.8855123352937757,-1.8585947471287447,-0.6640260251375579,1.9742394247676236,0.7635222337347707,-0.18002046156367613,0.08288083622852065,-1.2395843319770328,0.639780670745888,-0.18113402718682065,-1.5376473526985073,-0.10764233577246972,-0.391951272743717,-0.24697198954705404,-0.9538619965199692,-1.0493675034633443,-0.48331126390792656,-0.8724539935566263,0.9787300206354166
-0.8564761285837555,-1.0370561122625692,0.27950466804326113,0.3109613786468871,0.9844397002818144,0.9852133912430497,-0.2587190513714762,-1.4015380789942367,-2.4813602353414312,-1.8535344808391456,-0.14624803779054382,-0.8540516540378019,-0.707526596016422,0.4867880306093486,1.9650914830518988,1.0939411250789193,-0.5821681387652474,0.30688286491633227,-2.1601407668872303,1.6534681532910083,1.0828667671867356,1.6826553727362925,0.7482140833025395,-1.2613844586470693,0.18430225112849485,-0.6308933410137144,0.5765582325007009,-0.3436234203514838,-0.4009573287964704,0.8533627338505085,0.7722459282786841,-1.1595060435051217,1.9120815535623747,0.8526310781202715,-0.20132446836239068,-0.5896728562186833,0.8315533990887211,-0.8857750137259534,0.041160340209814274,0.22133899911831176,0.09917707194797609,0.2942838720682661,1.0447744628696312,-1.1757489543398185,0.08370195711007627,-0.6323563137824141,0.4026664037143795,0.8942092625036967,0.05186560306013122,-0.5281841094823375,-0.23914107376703772,0.5580863741375667,0.5226186137769235,-2.00923491303426,-0.6835678519350752,-0.11850828938378465,-1.1666084025192411,-0.7597265095240352,-0.6236106502411242,0.22993514200849727,-1.1316904734195792,0.553048054937195,0.510673633998345,-1.3862070924215266,-0.7077925524137811,-2.2342896489362416,-1.1674427866113652,-0.9528990691970726,0.5592149551846339,0.5969853500672271,-0.9767155604349751,0.6353857081879047,-0.7007981636737447,0.08007383337127953,1.0194131241860818,1.9153136734775982,1.5354448106227763,2.9779999665690386,-0.4709392976930224,0.8261133014760481,1.0258121354002971,1.1126141863904428,0.2258036300976276,1.3332857027638045,-0.07143046668857915,-1.2480834631110378,0.3837215335331977,0.9745206438025414,1.1098482554205007,-1.4137728846059885,0.4197800293845424,1.3721136955852828,-0.08701569664591952,0.4220013921744099,1.1759663526061022,0.5150992372723568,0.19269264447172205,-1.4878196116971796,0.5110180566439017,-0.04094568766745308,-1.1764644424447517,0.6944321366181492,-0.8024098264874088,-1.9876301863692518,-0.07085994917633566,-0.2795884798309897,0.6834636093254828,0.5997401463726791,-0.2405577655127067,1.2880004448507174,-0.73846367560984,0.17492698610372065,0.27982330489637697,-0.1946934118736554,0.9515302708614954,-0.018155442311006412,-1.062288682917248,-0.6606764314177082,1.538947062895007,-0.005209108072813795,0.6044288452246241,-0.5853889107801595,-0.7460944440744645,1.071478410234327,1.9297028319610745,0.14455077947301292,-1.1108289341281303,-0.9718631725506366,0.824375050936035,-0.042358238657513494,1.7193601374885759,1.1121388162222547,0.6681452356000576,-0.2060755973767293,1.5771121873379452,-0.164861325519528,0.1251749540779195,0.06861682938986001,0.7885937868389776,2.503808428166762,1.022954991635633,0.24168218683292378,0.34493787510712925,0.513662165369756,-0.30600114235645065,2.460412282164368,0.20568968717620476,0.5952925083096391,-0.9573009492120493,-0.836729305952729,0.7344602998319413,-0.24286125331412334,0.609039851993692,0.7677883741098291,0.04444527681096989,0.3946753849040017,-0.8877874251235917,2.241294721118992,-0.1902472208329793,2.374841861250689,-0.8579167988271749,-0.8332850211022597,-0.037006520320917294,0.5352679083899675,1.1259565220416996,-0.5736772173232775,-0.225242231941538,1.3310273652116453,1.4676699634317842,-0.91747516944537,-1.0910664966203594,0.9884398267840931,-0.8566248491886257,0.5566435204361546,0.621122714892397,0.561358945925457,-1.9596348819357874,-0.7716780968399914,-0.7010368427836439,0.8010353081615166,0.7166660880955766,0.29052564115071966,-0.6688586350836665,-0.6849073091037525,-0.06383338684839507,-0.6420442421048207,0.4252301507760144,0.49877080118735234,0.5928725088318827,0.6829672438759484,0.3116175492262479,-0.19935401567276245,0.4827049042778697,0.39233119108434544,1.1415223417040963,-1.1445689955995704,0.045858922277772225,1.324515091735836
0.1327895660269262,-1.2956931935481004,-0.27240664972525874,1.7677010032415996,-1.2130403158849143,-0.5778692164625391,0.37283759394680005,-0.6363302531624004,-1.4351242767148829,0.18324651959421598,0.29634613734117826,-1.2131970662507303,-0.9305923500857974,-0.12085758407122749,-0.48409931228950714,-0.37010188553185364,0.44579533228242973,0.7071648497843046,1.1388771010012486,0.026020070139033628,1.4882591275619435,0.5733923106895509,0.2353436035127977,0.19540807139896998,0.529329048338847,-0.368948248332888,0.9043203599074937,-2.1534002375869807,0.7412237975528413,0.32801989882791016,0.6039093072119519,2.3031896362213664,-2.1447731012495375,-0.6891958399065049,1.1435201773442478,-0.8239512488133827,-0.16196979488429583,-1.194819118442786,-0.12099151662686453,-0.022480944589167048,-0.4513423174576833,-0.3413578712141921,-0.6598311941461119,1.4719675740844167,0.19730729815071588,0.029942450025287642,0.07859619537942707,0.3799923996152924,-0.44492520249882295,0.10451042734210389,-0.15608478570076673,-0.6480350874401418,-0.2761454746513401,0.8100787419212805,1.510634021348508,-0.26123202897137865,2.149482802500362,-0.45813295951400723,-1.3628011599115641,-0.3163134675869962,0.06492782305255854,2.136485564842125,-1.1617103174735393,0.47683081717643017,0.2665933935210827,-1.4578635422369723,-0.5815732751341581,0.3101535912816474,-0.15056153363248653,2.308684953959905,1.0571849132016427,0.7013610784629921,-1.7114362328233523,-0.6734300205751341,-0.22961070125845287,0.36028265613360055,1.7517380131552558,2.122250502877244,-0.3615065757866893,1.6614675972400306,-0.7993709279732044,-1.3018823334007903,-0.2850229227038558,0.21772654942268238,-0.6172956822646665,0.9860361470874077,1.0033087816283328,0.6327688237795553,0.2526857530850193,-0.017383352228874913,1.306074448275895,-0.5644518501888189,0.0026944477999265933,0.040009177012085576,-0.018709035655830625,-0.20287351008631513,-0.07775158973064061,0.32703664020606465,-0.536435009127346,-1.4412038188345264,-0.3994742914076584,-0.217745579929775,-1.8653890955943793,0.5355883027937955,-1.4375678838975718,0.12463400292905384,-1.623818752135605,0.7574035662728754,-1.8024657034564555,0.00037800426680577933,-0.144953489041399,0.6603105612277292,0.5599241435835226,1.216862918309619,-2.2439987368737624,-0.03786978034328116,0.5982153785710462,1.289060498831352,0.5498905157695031,-1.6572180850566955,0.7683904020426813,0.1067772274226895,0.697772715746734,0.4077288306745936,-0.09839368160463698,-1.1534959357708097,0.10846434002867665,0.5580686005255472,0.15811934194881913,-0.058553310085208324,-0.85997346753108,-0.31080095984719086,-0.7645751677784567,1.6998606130376548,0.25985547446251733,-1.0253174241154774,-0.8454811503231605,0.4724061316317479,0.3385476985761326,0.6273210299847775,0.5040760222309243,1.0561569379485929,-1.5618200884590512,0.014101104131149123,-0.19190913875099364,0.6596813751976415,0.34299455715047694,0.33834628421759366,0.40684049184471993,0.4478152396208986,1.3457954226442745,-0.1037513328808476,1.010927292272931,-0.5311814907315447,0.8915394844545141,0.28635804456673597,-1.6616654354210318,0.22094072107456617,-1.9670675642009974,0.3309139632389126,-0.29795841125181505,0.8669624282402709,-0.6091139668698232,2.1473545590665566,-0.9892553475177531,0.4721962134654899,-1.241701627574796,2.649072316200994,-1.5485374925584956,1.1725230731308403,1.3370433454810704,2.2510562345086678,0.6139838303692223,1.0573382788645334,-0.8182351031124401,-0.019305761307307948,-1.6228836611695938,-1.242083031518791,-0.47062839385812766,-1.7200624542005722,0.4084753764420852,-1.3436442639830977,-1.871640944558567,2.882401847881929,0.35696524372033606,-0.8033152927972248,-1.3549890777491194,1.1302710316848215,0.8450929210638155,-0.7484738701595303,0.623940685781131,-0.06447675176363828,-0.832735637959824,-0.19237778687289464,0.3695553297659013,0.16177503125365394,0.42586569547446257,-1.343752984022408
1.3223416952065872,1.3241898782641133,0.7803200427863036,-0.5961381329790655,0.1705155564701637,-0.8343266079181307,0.6818056599476664,-1.0383667197648723,0.5062475887697322,-0.8010129262120466,-2.6699536884121913,-0.6918696024559698,1.4212588215953086,0.38358703268750305,0.2200212978991831,-0.9521480074475244,0.07597007391388033,1.3750119489692663,-0.8927629880588687,-1.0797616317717835,-0.16937050672340412,-1.1265572769988803,0.04540506837647704,-1.1958707738354388,1.4247806048426972,-0.500381533980251,0.9952321972523055,-0.8378609326646997,-0.8837013902442711,1.74000511369004,0.9670469200501762,-0.6594715546393958,0.7511264711625988,0.13827040238465158,-0.8655719216863784,-0.10205739132318828,0.07209678031281548,1.214607382002506,-0.8395272740091465,-0.5252188173481855,1.1914198046822784,-0.6074895796449978,0.30823348917926424,-1.2923484949030215,-0.07654314469985628,0.6803560489867254,1.376978725804974,0.9299078427587442,0.01743896431557661,-0.6786762046724926,-1.332943932248473,-1.0900983836320655,0.6266918232751907,-0.02182943110884229,-0.12530727539201408,-1.595586455606077,1.498310360533605,0.9925197223181758,0.3486562992701631,0.7735446470507127,-1.4746843039327155,0.12699561622432332,-0.8491905429787631,0.40812049443185255,-0.29526076620978803,-0.8190244516939745,-0.16182554915544253,0.5707744525720402,-0.29992162919546544,-1.1054827915314704,0.363263081976285,1.071235875884961,0.5618787402713664,0.18231760975451353,0.29771944641885784,-0.5732564059882428,-1.3747794336766928,0.2607855586869636,0.5145589715183704,-1.504477183907527,-1.6821636947006446,1.4638725437212952,0.28946644831096807,-0.710805582783402,-0.7517611727828204,-0.4202981904228921,-1.0337210525159959,-0.762722012025433,-0.18569351445655133,1.0390548004177689,0.4592672914129677,0.10612356114885575,0.30014702135609206,-0.44993204579318136,-0.43053070226514395,-0.38244999627781007,0.019342508429210276,-1.5566213561767326,-0.36269264633646936,-0.2209679703003823,-0.7976851386625926,-2.128648606904645,-1.3845776203538842,-0.8574261035313256,0.3741577914994422,1.3156954415278421,-0.26588560543086937,-0.7571402191030495,0.3094739171756615,0.2121572282938829,1.1269000558335827,-0.2307558399128188,-0.8902624970849162,0.16330139835214663,0.07732418674777852,0.4376796212923916,-1.2179419989645026,1.0397046082770072,0.1369758359367497,0.7089731346355804,-0.48215976808095623,-1.0904443275505122,-0.1640802430612487,0.24993781522976874,1.127012102172624,0.18104870467136952,1.1935063089260713,-0.4243640857244892,1.6737890308447547,-0.31207992948318747,-0.5474897974384525,0.22185710602148576,-0.0789449833429581,-1.2945500203744325,-1.2102865010325454,1.8772962538849838,-1.0459699458959328,2.1328497989357844,0.8722315308739078,1.2032626709978285,-0.2665060724100965,0.47417358108742547,-1.0597674317766044,-1.1296484964945155,0.011453039041899952,0.5603285390004348,-0.7263509982817589,0.18275137837092184,1.2974618804789968,0.004409375655913246,-0.921430332882631,-2.0548378615838288,-0.38181894549191686,-0.5996333437033479,-0.016196305544547394,0.5496289452492773,1.517130975561242,2.0828279266701615,-0.19877434846244135,-0.7671686891367722,-1.1310302329378938,-0.2077389981874616,0.3268965355033263,-0.8061715573277597,0.39152349667506436,-1.4123709907914788,-0.8719805347351652,0.284533568673597,0.16036503965388194,0.3460098353937707,0.427139827988044,2.091294403830674,1.1373569526641438,1.001756943954372,-0.7963194876064644,-0.8205472517465839,0.16640161974892353,-1.0086671254540667,1.0374156243295836,0.5312897150765714,-0.5215220803138372,0.663956098698271,-1.1872661937001114,-1.6413311062408078,-0.09805692521254926,0.20785568047869366,-1.0267562598909272,-1.4409448085671641,0.2502675390131278,-0.8118482315240169,1.8920900349535061,0.3014684776375062,-0.6531854374133363,-0.7718466877488779,0.6318282742236382,1.799364090772207,-0.3721184846504947,0.4029784889418541
-0.7004001931855288,-1.2349655416701266,0.6243069757062176,-0.4190462285838661,-0.9788719269029497,-1.2810475934430623,-1.2676861498026324,0.18074411534575135,-0.527331984902931,1.8548380535779132,0.6124923769704758,-0.12907853191809088,0.1686252636198127,-1.3735338880547854,0.6582671718584308,-2.127587957087419,0.6269108093517118,0.13227115887266494,0.25337196047093247,1.2144196026678582,0.698604408386723,-0.598603637209634,-0.25382934615192443,0.7872705245473892,0.6664065741773209,1.2737757540427033,1.023444557700272,0.9640949160094717,0.5436098891724711,1.3266189782230138,-0.19984718186422895,-1.556189410211696,-1.4635499883663021,-0.8785401702883507,-0.6247690708926451,-1.6677757154475426,-1.1312575239356655,1.2235065602474342,-2.679436639986179,-0.9125778284131826,-0.9795382037544944,-1.019529546502687,0.19140659569884216,-0.3227111513982401,-1.804124261406805,-1.734590671712984,-0.7014710543382543,0.2881118719653827,1.743630429584339,2.0718279577228764,-0.2538375402756908,0.596689223798042,-0.13023664337955268,0.035634624362462175,-0.24975956966773266,-0.015492661208260367,0.9908582547323413,0.22858278249517133,-0.21565363698300413,0.9239426164913811,0.4627811777024678,-0.3611369745542878,-1.0294453839967872,1.0875287928249031,-1.636283417935898,-1.3452760893634934,0.3203289629441501,-0.34967967015394213,1.0635030855736904,-0.216185407985502,-0.9335039634587167,-1.7783398033012716,-0.9361851878437827,-1.9947832951470974,-1.0324584879713998,-2.5244027879242226,-1.6920854110104953,1.0707496982034292,2.397060856544929,-0.5739507680888289,1.202380668766475,-0.24643480917288765,0.27790454701447626,-0.08634441472481838,1.736564092630467,-0.11003328835239382,0.457780171193398,-0.3828263123550247,-1.895859654872687,1.0307433692655454,0.8078623331897667,-2.1080616620410444,-0.7666679914653465,1.149570278421268,0.4658655334355884,1.2185162876826987,-0.30527655570476214,1.7537856965158394,-0.29388846624828646,-1.133944342336292,-0.09986421609006879,1.140301909578209,-0.582498050982824,-1.3622834996823339,-0.582657915007779,1.0809253560212508,0.3482805565511295,-0.06058868442681224,-0.31778126142199214,-0.7985464461534334,0.17363885183120756,1.0174900302843748,1.893863543240521,1.7277491373920866,0.8639858257018684,0.05533714203435344,-1.0248634175577562,1.6772185098617056,-0.5118781859933464,1.1661825328246593,0.8500964863369291,1.3149701211652696,0.8098268834996307,-0.6993629812201329,-0.6249151232469532,-1.2394079320814404,0.8966476567067683,-0.4852352320098701,-1.7704188116025605,-0.5157857253376908,-0.6736442720807068,0.33180820049860427,-1.2864324506907765,0.3931686158304315,0.7508984177739294,1.0689269232293697,0.4841346115073111,2.502675502150524,1.2142120525118745,0.08568163708204952,-0.6686160464188812,-0.3968049484452037,-0.12709346288081388,-0.24512158544565532,2.1575677185016895,1.1795156980321315,-1.3778752260837006,0.9525417376360499,-1.4663892613650047,-0.37483807847228534,0.06070481779143165,1.323898524301831,-0.1107810171108785,0.39944323318257213,-1.1363938370048199,0.7124216903721011,-0.44671935730166934,0.25288144027370657,-0.9353741423939015,0.0157897694580819,0.426978626891196,-0.7637119268728633,-1.0623178100206048,-0.71125014358638,1.7846268310138709,-0.5540623484059536,-0.932430733430179,0.6398911396144761,-1.2351843713768385,1.7447608098045622,0.6856037265947229,0.5557989468853777,0.0852276097452209,-2.7213923840383347,0.8183982829467844,-2.515552743743512,-0.40384624427688187,0.07286312885507937,0.8789219551313339,1.5247064170970952,-1.0795583419379535,0.7716969194972002,1.2197187275749615,-0.10816025758549065,-0.6819719408597243,0.07190198074165476,0.32241327073749654,-0.9448149823330806,-1.0104102209051564,0.627447379791414,0.10024795525225134,-0.49217570067590477,0.6918608498887852,-1.0096001559048602,-0.027330234809205472,-0.79026512473067,-1.0966609447656583,-0.6286209839763036
-0.6706938797006073,-0.43408189519382395,0.31227946167922543,-1.511782105293156,-1.0275685660884535,0.15305352275391254,0.43755184885241866,1.433086126945744,-0.7183778023026451,-0.7766282962889925,0.43950022994743926,0.905756889403887,-0.7897037872099989,0.25846433257832907,0.07635958689096542,-1.2791477178804531,0.34278078442833526,1.9291553837795634,-0.4014953959834947,0.9447804351493737,-1.786694419742285,1.0255198628779976,-0.03282305685056868,0.9928798534572613,1.8310964072262066,0.17263834309602033,1.8157186727250616,0.8863626531055884,0.7243858690082356,0.9393483225823902,0.17679213872930072,-0.9274518844607667,-0.13544645214239373,-0.9572092472005703,-0.32353242309779306,-2.1718555804944013,-1.3267015286134076,-1.2447828588669143,-1.0794069678439921,-0.39171039953191766,-1.0791548771389803,-0.16855373745123767,-0.32541820788684034,-1.5524876137744519,-1.734383375985149,-0.11272893456613746,0.5974550702978625,3.0769158340195197,-2.00607472923342,0.35229711057056623,-0.6231589005682755,-1.2179471204986174,0.06318201329692572,0.18282484134172855,-0.030190816353693542,-0.8576866714961306,-0.2723185275030687,-1.1762917129776047,-0.5227129318265238,1.5921934671996594,0.7101653144431035,0.5248345309677751,1.8737475238202745,-1.5959557995297242,0.5212219108769494,0.8624507459123796,1.4007216401792326,-0.6147935708238745,1.3739099188562525,1.4444359718734743,-0.7303155760386325,-0.024072439276045427,-0.05141866638313458,0.48689772281316973,1.4147992332482828,-0.7726913425203077,-1.487211252095947,-1.847927412962016,0.1482237645431905,0.2580957068021145,2.509387534810897,0.6303014326157467,-0.4822810764163143,0.9795547870903047,-0.7593911835286324,-0.2811929561769581,-0.3491645551758682,-0.13896955515337245,0.4854443972532431,-0.18815683624633697,0.6764393210815287,0.8363158493853254,0.4264164780319439,0.6407687781782829,1.5724052994321025,0.5842258865121115,0.0966522367750853,0.13844343716617988,-0.5896108068136243,-0.12978884640503668,-1.3793374278938815,1.3962627813542168,-0.009660278554086537,-2.355524830428445,0.6357615334710864,0.09466053770939206,-1.2557389715280307,0.14916823848481217,2.047202503195824,0.045403981194485465,-2.253805493804474,0.8792064753928805,-0.12267454771955637,0.010935035856177394,-1.1529011798017539,-0.017958086418712646,1.2136230336767633,1.3928825846273887,1.2164173026950649,0.8626061210531721,0.9064690739050743,-0.0415435925087628,0.688554536291357,-0.6064689435434543,1.3050843498232183,-0.670623226290762,0.8118321327754462,0.6529534319903814,0.849624143684441,-0.6784766335153801,-1.2930476991093325,0.9799925646565731,-0.270224382389007,-0.34400177785225017,0.18067805968685233,-1.0985877405590838,-0.4999391731389489,-0.5003112246734764,-2.516731704966209,-3.2525818393469215,-0.42414655871796997,0.10398132891476965,-0.8951739908130664,-2.069886003429932,0.2194225016753909,0.12409193765754431,-0.3279703010351505,2.1273793395050524,1.0437129057851082,-0.07923525467964067,-0.6448530286146259,-0.5577280089445881,2.1063874461001855,-0.5871393733705237,0.17159296366626403,1.3037328426234234,0.48784336375961107,-0.6893882106342772,-0.031868218359036096,0.12970952754885104,0.3191115570305748,0.6043046601212771,-0.8705276668502601,1.3835028728391217,-0.24500864557522062,1.1604837232047773,1.0374289536902825,-0.4112650117853264,-0.10166987466090706,0.7915825794030152,-0.7646247690168673,-0.5283281920816336,-0.26235795843488013,-0.9940716549781955,-0.19437890198172716,0.26817429120217057,-0.6161450839445602,-1.1716319874557644,-0.9821335162564597,-0.7972166712071044,-0.6875085771701422,-1.3851759904897785,1.5234157159688408,0.27486374020958476,-0.639855186752622,-0.7836685061631081,-0.11983655888186397,0.9288165698616285,-0.2608088093591284,-0.09585418202920555,0.3980822105929694,-1.0233567749696615,0.6547435543718181,-0.5716660188384919,-1.3750590590901395,-0.12826836807689224,-1.6101395469921498,1.8281982967380146
-0.08453652211215032,1.1681833263101296,-0.3147133795380577,0.8555445008312929,0.006638943032429313,2.323240988272362,0.7157442080940122,-2.0501751569863966,-0.1849477771381817,0.9184695686782501,1.510448988575645,-0.5528446126614311,1.2814558523198205,-1.9275983052684218,-0.9892022515173171,-0.6033693291640381,0.5262514884462827,-0.051138737731527724,-2.1157326093271887,-0.48664551924604016,0.3162305979992084,0.9592302780894989,-0.05881803890351062,-0.521682829176569,2.049991061246911,-0.337570404770498,0.284812495557288,-0.8224584356844301,-0.3296204658158847,2.0224371665346683,0.6206814645416799,0.4900444232674306,0.274360889932519,-0.43921066958751387,0.6991834191856239,-0.6623345834194206,0.017484835482841535,-0.6655203613578875,0.6685240075560562,-1.5523518279857915,-0.36890099464816284,-0.22194342228324918,0.7261467420742779,1.3908895202851457,1.7585108780723009,0.16897964824086037,-0.07928045713304385,-0.6414526656131493,-0.025083626320663695,-0.3321132733347101,0.8061907015784847,-1.297421902590947,1.8803833070945406,-1.252137525472654,-0.4109116982738691,-1.7936880597561733,0.7615605582749575,-0.011311564334229827,0.520672765185048,1.8071884620191692,0.20182460093735782,-0.9994117545286936,-1.1292027353471,0.9367288498881718,-0.322920343198393,-0.04415509142546616,0.5698955908824023,-0.10309181811536759,-1.086178720338737,-0.8819961926678495,-0.753709638615194,0.10689496780616722,0.1199352275102769,-0.7906307869672413,-2.399094460106466,0.5609015806998302,1.6113002724022234,-0.5480593858721488,-0.6238534665333068,-0.8811717171199084,0.6692718912496569,-0.35974146352566255,0.05164380081135886,0.6484646709941703,1.0519466883474544,-1.3882950760059705,1.0498610149713021,-0.8545763095287331,-1.1301371328306618,-0.3628963910994756,1.333451759464973,-0.17991777822685387,1.3042970200462407,1.526016870787038,0.5502989019344738,0.238980384611666,-1.6426268671859656,-1.2187446027534563,-0.5381191432861383,-1.034863703607103,1.5142633276000248,-0.036063243374587495,-0.016754477224025056,0.5488366330161593,0.5429652610962116,-0.07220383837331511,-0.3644489663207247,-0.4631138614443408,-0.8016664896122089,0.6406039953605072,0.4667107095792993,-0.3805216279513754,-0.4083945649524105,0.5129880426538955,-0.8243373975582016,-0.2513574202903209,0.9086666323302941,0.6364556490821486,-0.34402398321079836,0.45887672569457516,-0.14511654280545963,-1.0925004104323128,1.2278950124215717,-0.05249797781357347,0.4977023242312921,2.1522606720112756,0.1704199185648721,-1.0530333134957244,0.13868969195401615,-0.5545269403740617,1.0585090987803583,-0.9620994932556419,-0.5962464355485089,-0.6354940242209034,0.4604703206727879,-1.7077772440076213,0.8187753140141678,1.2633396416522735,0.7235450048774434,-0.5603969887325791,-1.8607632912936942,-0.07731658314254203,0.08458075301325209,0.41022167638656204,-0.9014527023531184,0.9107285790285877,0.46339103948452826,1.1546540131210168,0.09876420290304974,1.3248579913412595,-0.07770911476069677,-0.15855314292210584,-1.3885290923211797,-0.21609172089077866,0.4747352965912209,1.4468673382197068,-0.7551122999295321,0.35669433065771683,-0.3629663512571691,0.6366891295033362,0.2700024456645137,-1.2947734228969927,0.28603990046842537,0.28450737806708126,1.9586715461370405,0.36999449743421636,0.18351765925464114,-0.6257334488073042,0.684505083487213,0.5330185477730791,-0.31022613195310567,-0.041208534725811485,-1.2600713041515987,-0.20155162757861797,-0.1065538958361617,-0.3869917959977895,-0.0936905749662424,-0.8104997057941715,2.0038013186922337,-0.17792891677106934,0.9587286857523227,-0.3289806048667986,0.4703214616185715,0.31308017491355733,0.7374675930223894,-0.6892980033308016,-0.23946859838216128,0.4386070734575498,0.119948224690706,0.3631490330561519,0.057425821373157784,2.428930094365488,-1.0770469375110718,-1.1276029195919386,0.37722444513295417,-2.3483792335685107,-2.068815497982146,1.5657334296384255
-1.565223166207605,-0.44998151786483476,0.30258000935674423,-0.40315882161937355,-1.4515520434811189,-0.45936618410509383,-0.7283438198624713,1.3648158856338246,-0.1506792748631467,-0.04369067244712265,-1.0737691696990268,-0.7296903386052015,-2.091131508205214,0.016595409002548488,-0.2693364462776215,-1.2724654164367954,2.123169534426911,0.4480557882064482,-0.436546613036438,-0.513350401211174,-0.008132825460397845,-0.8555625423294116,-0.18978446455806516,-0.5656737243551047,-0.03053756951379034,-1.043174689835938,0.7798064171508666,-0.07271455594127435,-0.7174740487200826,-1.1186889096960146,-1.5376924089023285,0.5145682844797301,-1.4807111672793827,0.18072265979123547,-0.24912363559107242,2.074059632262959,0.34985361430831424,-0.4341164061330676,-0.7073323889479857,1.5519257726877524,0.5458478088197817,1.179549805812941,-0.8962135327403302,-1.6919213592022067,0.8835739740186069,0.37906892395723263,-1.1583228394283807,-2.374135935004311,-1.392060213708239,-1.2692496255074077,-0.18295839671037156,-0.4761661516090649,-2.0948486662165804,0.5147561820563662,1.0641102566006373,0.4770428823473283,-0.3208743990565422,0.5723225034208048,1.7181212523691003,-1.2159658996137932,0.25401449748879906,0.48652312893269917,-0.7183721439702813,0.046409717287341334,-0.2267304611444688,-1.4587280663454192,1.8874280045430494,0.22777108831579815,1.093686427497618,-1.1381382158437316,0.32496598063822424,0.5198556834461718,1.0694629934153979,0.8583143812843096,0.14237796976265976,0.433270043452142,-0.44593079492145865,0.9832819056160413,1.2771458798982795,-0.0029907145335879588,0.7433480134468601,-1.4111562325551787,-1.6585306786763918,0.8900020158318684,-0.8212604553852443,-0.9020826485476485,1.088739981553331,-0.3336373561409314,0.08342771385284646,0.15921367932817726,0.6038144038254357,-0.0011284873144620721,-0.014019584112242741,0.2383229836252228,0.9888196666643112,0.505719558648667,0.8608047603901668,0.43720527138074955,0.23111780405393426,-0.32111391690765584,-1.702585843450559,1.0030581030282728,-2.2069724054932385,1.3568039847693387,-0.05934222871176771,-1.4850799099114917,-1.5423495867505184,0.8146575784430895,1.2468935153106298,0.61672225580764,1.2849087291661465,-0.38102325189659314,0.16372599913169544,-0.3908691912130954,-0.48703534576982416,0.07951297830752461,-0.6644130450067606,0.4023242778054471,-0.039305798591791875,1.6317072752156394,-0.6791520569991027,1.5967594989384553,1.1924548241602033,0.26070866676843624,-0.977363927783467,-2.2414567233914884,-0.9424297358667952,-1.0873032149574149,-0.21845043590536334,-1.2366723286834649,1.4143730266650472,-0.9612202570048405,0.6677375335037161,-0.9379067303294782,0.33973361421520354,-1.7590947496212248,0.8517562849267668,1.254968515727409,0.8989084126904698,-0.7568571771566953,-1.7380026887355697,0.9309342326794602,-0.18494122165581123,0.7642706355047792,-0.9127806755774679,0.30561938667871336,1.5477342410271333,1.719656369450587,0.28397042424942864,-0.4679240556124102,0.6494848599650779,2.4355270453920244,0.6043739189579569,-0.5137928587363471,-0.9184877304772295,0.1682484851665463,1.2845080263000301,1.3844653990644318,-0.10551648715175703,0.29746633403181666,1.7567582028796462,-0.9205296639123943,-0.36915912086769354,1.7028853143031448,-0.18576123219761398,-1.1431243929503057,0.8518964023867104,1.1848789519569178,0.1387942128676191,0.07765369790544373,-0.08851774114388192,1.4192166033447582,0.6732665277924669,-0.3070854612156915,1.313350219581587,0.9138430577427534,-1.2034679444713314,2.6064110517208054,-1.1431545436129322,2.5094220211509697,0.22376373043936304,1.5088373239799557,-1.2867806578549672,0.7665802057443848,-0.9331466388143951,-0.61945275225431,-0.9826005874678645,0.4092383924679609,2.336670771645322,-0.6706295140953774,-1.7923839864592468,0.3204446244946892,0.07236418693667988,-1.0516979800967166,0.18319482264107578,-0.3619284842286237,-1.766258953800548,-0.18779430892512416
0.8576263115672637,-0.16696298640351961,-0.2559691165143197,-0.45167902309354296,-0.6321570674286009,1.1105606045612468,0.47888396528193033,-2.084376355207721,1.0643324055950758,-0.506957429823468,-0.5567766759563847,-0.8320039828285454,-0.8725645846058303,0.28243113581609364,0.664594437512223,2.083332003598926,2.7087726832556918,0.2980007105546375,0.8977330883126945,-0.2335536869790585,-0.9298515090544945,-1.9188652146156209,-0.2767531713290641,-0.1313408773387458,0.2098034462046043,1.3126871756436191,-0.5407996379007515,-0.6485695490237845,1.6940082681469317,1.2111137766682196,2.742450329057414,-0.41971546677148963,0.03154713620125849,0.2226800374775964,0.1364663937051574,-0.8069060507463754,-0.8640346781998167,1.758040911348778,0.9361920884533587,-1.3603480772995222,-0.7311290676339671,0.21491218868510317,-0.7211714989964402,-1.4150960117193534,-1.087561826061695,1.022959125807052,-1.839181470492778,1.9286998630414984,0.6710062154703673,-0.04474447283305656,-1.047374383500341,2.317017150354245,1.8673565751503798,-0.7500242326592567,-0.9274051375293486,0.5562280870112586,0.7675110499061679,0.8281438603441248,1.9904180720947187,0.17127801185967265,-0.6169741349455623,0.45645604252950484,0.1559754810170268,0.48668182825275513,-1.4314434269722676,-0.8492007950897217,-0.5510520897606145,0.4774873774525227,2.3321283528614694,1.1214665600974338,0.28447582818134526,0.9957062973329842,0.6024170800207086,0.015468177509065675,-0.20398259856307144,-0.3269187701579902,0.645225342845446,-0.28064526256922734,-0.5270872652392898,0.39160930931073146,0.21794357426229657,-0.11403122912677435,0.5295195539516704,0.5594494350981556,-0.16607665464949545,3.0237376678383496,0.5089497353632556,2.3328205249937963,1.258921845138772,1.946119749118759,0.4128406658114311,1.5664499784898107,2.2201437934283486,-1.3810690262889018,-0.6261817949213262,-0.8643230975687731,0.320325520996432,0.2437001612579218,0.29241490132649434,1.5467081747681466,-0.5091837739230608,0.14686865283310394,0.7317887786755892,-0.7041727815436737,1.0843657950754448,0.09767839935677665,-0.7103677307506198,0.7869291853260785,0.6961445743346849,0.13628047070554003,-1.1379725444837783,-0.14944232676258928,0.2739610791931903,1.211318989380526,-1.9271402472592347,-0.1343971992538755,0.38498510954272336,1.0729675943295198,1.229951121082438,-0.40259329577839714,-1.0574643916512665,0.3972800180444012,0.7342826786903637,0.5636356349293674,0.33243455996950483,-0.04065601940226985,0.6475674616304836,-0.44049202757853506,0.8090110860919324,-2.7120971169182875,0.6100382231390846,0.82674078628445,-1.2468470792837978,1.2079175522504995,0.6044940115769633,0.4590002383586774,1.8499250628735562,-0.22777028268700894,0.0518442998176026,-1.5328743116467747,0.9564516119268539,0.9845066534199738,-0.05459409259035578,1.1448374519246716,0.4618489279244922,1.470951660572491,1.4742127539548096,-0.42612876405052896,-0.3370248650594431,0.6187055834681131,1.7692898060786186,-0.5473676263525654,-1.4460792493467187,-1.0066502207642178,-0.34558522920018403,-0.06628136768235843,-0.4962869389354234,-0.18407158759443706,0.22283087035216914,0.5834508750445415,-0.9380196957075295,1.5151792541827653,-0.49167078349321264,1.2898269772369344,0.11251415217426365,0.45439360890206226,0.3813967661055942,-0.4579454161795181,-1.1793945518688165,0.7791034559637393,-1.3762156807008166,0.5084205731468331,-0.026567061084074445,1.4047029947874716,0.45317495402228636,0.236056464279545,2.1707588734212244,0.4075818833848685,0.04871748370783216,1.1259674501208532,0.6828136884124876,0.2761923506257685,-0.4520511817031917,-1.0662513453622249,3.2710048784155132,0.257413691151192,-0.1937345666329934,0.07362018946045383,1.0356116926006325,-0.3289497265836081,2.5090850715993875,0.6650986287530334,0.27091343227310427,-0.36676441808172244,0.785663342931696,-1.0920942669272653,-0.26683858830144386,0.23581958391200225
1.209576734867013,0.8771996806270494,1.265073509179818,1.2430282990494044,3.6904303965539347,0.7821000536088387,0.20075500222665862,-0.8637099491781176,-1.0636113275986763,0.450806220133095,0.8753046831004768,-0.6873769865933482,0.171954662968575,1.2095428693818535,-0.4483544662628087,0.5175301307711785,0.8959782013608371,0.15828473702050783,0.31263604046923027,0.03504036478187155,-1.0333524195424213,-0.27252908343637916,0.33148741551265326,-0.5443292379147934,-1.7940106280946826,-0.12170319882341744,0.0515462808560279,0.09323401023921021,-0.7992274621586591,0.02543539544058398,-0.02642797053092457,-0.11798933361478119,1.3755264174073953,0.22740747913884451,-0.83443403073932,1.3288185655019404,-0.02356828216407091,0.17169588867568242,0.21467376807545444,-1.7525794434581787,1.27521448856016,0.15650592371705624,-0.8605289939593345,-1.8948284300916014,0.9197272775095772,0.6927124814699539,0.7369187319959485,-0.31392037614283025,-1.0471606621866143,-1.843306584095053,0.8647184038140271,-1.0822446601970617,0.4887248007562666,-1.4591928100602052,-0.06904932252905442,0.01735369469085117,0.33396517196621806,0.6267787611979629,-0.14552100208023627,0.5577429651566459,-0.19335488220373767,-2.2224149390100916,0.8897421864337371,-0.5262733891136511,-0.7180806902925386,-0.6773061636139885,-0.5631054623184727,-0.6682407959798955,-0.8358795408462438,-0.3702915323070969,-0.09678203726873341,0.10851411235394387,0.510866287571262,-0.524083485312307,0.37850665583860055,1.079304042582319,-0.44135436601522793,1.799885208200377,-0.030142374458148654,-0.4089934434519483,0.922787044853608,0.4590437205069369,-0.38798912076206404,-0.056811098259983886,0.7190604007856122,0.3751231570485902,-0.2939988514766469,1.166378781046563,1.451699279879295,0.641863983146665,0.2263879280527939,-0.25815571519695285,0.7199467275719121,-1.1780916719416263,0.027333131830491807,-0.36476754831265923,-0.5456078773507919,-0.6190334696399415,2.1790636075805145,-0.2788035774822983,0.7074522449764596,0.13853819083865623,1.9771730355780668,0.5631641874969956,-0.33404286284035783,1.771258806847521,1.2055435542999244,-0.7186738584817727,0.3563441885503837,-0.15701510208838276,0.3955698469692884,-1.260592092764219,-0.675814007894265,-0.10458140974390932,0.0765604594765965,0.9316679618851529,-1.024582774720018,-0.5420377746159963,0.8642369137588773,1.337506216128461,-0.38738196627183474,0.7070658753501738,-0.5441796080096286,0.812444506393408,0.25673333553092065,-0.7614850937256942,1.957565582934585,0.7851930024642291,1.088205055086163,0.6667658157165663,-0.5939450286663668,0.11346660010295974,1.6222195840434153,-0.9392905362856621,0.5646841372596185,-0.6649935121375641,-0.9834274084091162,-0.5483769713721696,0.8714505368981359,-0.39518896354288535,-0.4304763202284627,1.341821486792443,-0.4146302261376247,0.8419949028768099,0.27375643769226254,1.0811842603301516,0.9094870694421592,-0.17065121629166835,0.13845951393772826,1.1098002249194325,-1.3488691845539218,-1.1704418079946974,2.147588020190939,0.6441919456765739,-0.23602993575114856,-0.051549659099682815,-0.49416093728501903,0.15122373208747433,-0.35959427133489286,-0.36286679886224615,0.19875098570696406,1.4701123033143855,-1.4235614372226988,-1.5698363868721157,0.6526423949464523,-0.5816399421023019,-0.045328817974135925,0.45543655542199374,0.6636232592081899,-0.7067874713241278,-1.266009092807494,-0.313300519222056,0.4794193267546658,-0.6840049859960573,-0.5079683629996404,0.480844128580684,0.9635886263440926,0.04707683286596689,-0.6160735174163399,1.285730889406443,0.8903237197592018,0.03687154730111985,0.6725451987818123,-1.321869043332017,-1.4203164913098312,-0.10874501094651208,0.14405421471000399,-0.644776598498191,1.4825834580320976,-1.175309054576255,-1.9464972836843597,0.351176734124491,-0.2838190707442365,0.9416245612642864,-1.1893269441560095,-1.621885693235291,0.7091784049736638,2.383399797946592
