-0.11856155411800988,0.7467682529782539,-0.6870223265574807,-0.6103283812166115,-2.288097746696483,-1.0790037842482607,-1.0622535123351544,0.8803662646372583,-0.3053677551733638,-0.2742118460679393,-0.7661766773150029,-0.18103570520307188,-0.6338158174892989,0.36320392464383466,-0.8972940859556078,-0.52035189305623,0.5968678419594758,0.3350271282463497,1.3028814940940012,-1.3638631594104826,0.35403873547158177,1.4519689684253094,-1.5163421062442166,-1.833133362482071,-0.529676275681499,0.5489521173859965,-0.8425784513290342,0.3624625972171729,1.3015942918886807,-0.6676057338688928,-0.6040777539927726,0.6146432722419397,0.3376564635875007,0.354247733569481,-1.4125772501083862,-0.13367141215098172,-0.7005949364093015,-0.18470755126779007,0.11912416649920445,-0.38573109439071424,-0.13004825116271557,-0.7528427132833342,-0.14826380252059723,-0.20845407297519028,1.0956386298931977,1.3517580624057697,0.4364865842120964,0.2690551637041912,0.2691387586733658,1.1394080434008333,0.8021847910607814,-1.066447744252286,-1.2699629384033488,0.739395770122649,0.11195813918566172,-1.290859242257344,0.4724516082522248,-0.9234299342417621,-3.039547354813267,-0.03827947867225968,-0.27632276735803313,-0.17351218038740315,-0.22741741066507473,-1.047080833994144,0.11965502644832465,-1.5262416147144164,-3.2499207301613313,-0.4789713776441348,-0.359927163800586,-1.5400697580229799,0.36101703820247577,-0.6268817355606872,0.63020342309523,0.6237782208162767,-0.06227557830195463,1.2614336861535522,-0.9676192588032679,0.29018696035216507,0.13000867934506977,-1.3341636752814534,-1.070516794584969,-1.2771317477911792,-1.3398328324025728,1.6973542849138412,-0.1779665468518495,1.0111480627725367,1.3956018481439594,-1.6021472239842276,-1.110950969680521,-1.2943521982688908,-0.5079135425986426,-1.0640069907327423,1.7583018915799615,-1.5932195903254591,0.925396105864564,0.6294006014779472,-0.0493222709147986,-0.9316851482730235,-1.6274460332818272,1.6700588379952759,0.5054795017087411,0.6093583740850406,-0.9390242266796405,-1.103455962159478,1.3253729279244708,-0.5244807008956167,-0.4547277396607937,-0.7559952156895074,-0.5153862580886287,-1.7329112069194632,0.7641711972136984,0.6673950732334715,-1.9666997124501795,1.3232894278072076,-0.10523149426730266,-0.9620793728944218,0.4598701596170814,0.47058118613445543,-0.4008647703464232,-0.6861438699901471,-0.3118293042257174,0.07154802292511354,-0.5224718518861631,2.1075694095019557,1.4194682057461654,0.0923630521768739,0.1450041828198614,1.1398412115304424,0.5083614657995408,-0.4140076253199255,0.24052223232890052,0.30232033953925175,1.5713080900147867,-0.6062072250912709,0.3087564409049829,-1.3113717648120666,0.8855632915335778,0.02756234321437834,0.30743825723967594,0.9546516534608219,-0.4467787530455267,0.27231610011184054,0.2957991874756527,2.995232332898493,-1.0613720079670081,1.0909961728456743,0.5885879445201224,-1.7764072117929837,1.3347529628107013,-1.7050801934957038,-0.03649140826446967,0.3185244793705932,-0.6761332705984584,1.1641139914016783,-0.08493700121577158,-1.6882321660137773,0.0062227901596398376,0.1311294387358896,-0.45593673426755615,2.419087308100882,-0.9524328541878907,1.4981132500998036,1.2550605118704297,0.46658578827896996,1.030221622329244,-0.11677500294041541,-1.5518427462293436,0.3606248405365993,0.05341093932984935,0.26087485163726204,-0.8588444339887087,1.6102926310038175,-2.3122486934615782,0.47360284110303863,0.2955554436900826,-1.707170520583158,0.5272319494292598,-0.09942386146706926,0.4258636702230832,-2.049177922360597,0.7699147585332944,-0.2759475039268571,0.6676736823072851,-0.3520662676868931,0.5012632414582576,-0.453642348743084,-0.2730849101093933,-1.3869454131142605,0.11358635280107619,0.10572651324116956,0.5871678544729909,0.22277193591602124,1.333993970438193,-0.2853703586732917,0.273717518494227,0.3805661343572873,-0.3801321076047073,0.5605728885808073
-0.1191543462858995,0.7225928429772872,0.20983983503696316,0.06616922216022943,-0.41145270788074334,-0.1300488052112949,0.08096220407231901,0.14588240421827278,-0.4429882563015289,1.2129403267067258,-0.10484585607259093,2.1634056044257526,0.17989914784868496,0.8434380700520518,-0.06957648619511744,1.0997694775843627,0.8219798812214902,-0.187453748372252,-0.18218519189142732,-1.1230090308774667,0.8280086815996104,-0.5659202445797786,1.592186552385634,-0.20049190866074137,2.037892408315769,-1.5695190950122164,-2.297285426270731,0.807148152939703,2.917944281310957,-1.0007534287892115,0.763911706971751,-1.9764744388977513,1.1267780726917516,1.369105002367384,-0.2923341146715177,-1.8486311249622231,-1.9538329964754797,-0.7147046318088491,0.15315223563349337,-0.4096572899441656,-0.6950190037496385,-1.1026150821741671,0.6604293416690398,-0.05213806047249931,-0.19768010519027784,1.223309385903001,-0.8023059249520693,0.7811813810107686,1.1451998207092733,0.4507885893809655,0.626413218098263,1.6560490094209912,-0.605992171137086,-0.3193390663414003,-0.2695992569000404,1.0291561322478608,1.8728143444551142,0.6574257676270452,0.3988369473354451,0.3855113422412957,-0.12192082594031074,-0.9817851831756021,-0.7096710956347803,2.2220410299493527,1.3865514187366732,1.1416837011988785,-1.2236854987493844,-0.6473114592119945,-0.6932053099900357,0.22429043344208294,1.353820493965693,0.28777155008221306,-1.1421504334874175,0.8731349234918105,-0.05170203844716068,0.23399751167978702,-0.6136377729063119,1.88788691899721,0.5903993638142929,1.5980343638962418,-0.7268820513677179,0.21852785141882944,1.714835802205205,-0.8797375261818299,0.2959894011498093,-0.7193012355148451,1.9421313305248553,0.3565422803587671,-0.09679263411275588,0.21393501965673284,-2.3896243014913585,-0.35365223830739123,-2.2732373581499328,-0.8887287807439385,-0.26978804809048595,0.6080380588411327,1.745411264338334,1.1241483725921675,0.2873618067990226,0.9397992811445705,-0.17205491971447998,0.6421619609925832,0.9774490371950164,0.06586202601377629,-0.4946847546525198,-0.025191732635635046,-0.44096904517812924,-1.1421196325012761,0.88113780689647,-0.5761945861082082,0.6778017158404568,0.3882855101682427,0.5917717735387779,0.7258793184610817,0.2381792532344763,-0.8468640722929419,1.1198757544724853,1.5659516357043066,-0.4529503192890475,-0.9027782357965413,0.49036438762691087,0.10738392581473967,-0.3160332455176909,2.4302965997177814,-0.16889618430360667,-1.5186444925504743,0.4171962315560723,0.39739478472529227,-1.2325074336227937,-0.9747900196075898,0.5842869755332661,0.16169421964655514,0.9013866305775483,0.4130475199281725,1.0192913130450445,0.3785299890398038,1.0474351045110843,0.8066704172167173,0.2433194939866074,1.0002357836878366,1.7871722455898869,0.20488682263054384,0.9588395740482759,1.0399151167032552,0.2784564095178778,-0.518002304655777,0.01968255770240307,-0.7942683031656347,1.0357180319465487,-1.0177549189983133,1.0337774011068797,-0.14568423249251075,0.0658179081053412,1.054092231548219,-0.40817259276957474,-0.6439882379878453,-0.8666025257333277,-0.09799512022752851,-1.5097314630448466,-0.4031005380315155,-1.2553951621664599,1.536891726977248,1.0015431205785819,3.8093915016209574,1.576805797783362,1.1834837808455585,0.25368623814097535,-0.4107965650863169,-0.3596518318334798,1.578265052124882,0.6906532048268943,0.9529437155129071,0.47222518413918146,0.8571073731808018,0.17472410481461823,-0.6139495296180651,1.0759201329797468,0.11604290584389598,-0.2560224290326092,-1.0934812735701802,0.8534991329944751,1.3738486781957697,-0.8858660625728516,-1.2432675587979003,0.46364622841140696,0.3110663987441819,0.237693868540763,0.015360041967784118,-0.5085714059385533,0.8247268280016489,-0.44066849860278,0.9489565535510697,0.7017681697171207,0.2500499538377362,1.3313691725380186,-0.52194496634197,-0.6156124690148189,0.8581625244573264
-0.40221268235882485,-1.4703793283925048,-0.23953803296073517,-0.8785129135937413,-1.7655589962077336,0.9203993589903543,-0.6026279402428952,0.3538329360199797,-1.2241282788294494,0.26846905154834644,0.3810115141223028,0.9464690745380665,-1.919092082876264,1.1495610339553661,1.3023255508432368,-0.8756387724362527,-0.5109203510329747,0.1957245738143151,-0.5983629447336312,0.8864145622800386,0.37739191717965187,-1.079324365328012,0.6584912274382415,0.30474039979125184,1.8586819970306345,0.5642671898570994,0.959050764808814,0.6075020030992322,0.7879448753751532,-2.933364166060791,0.1457050835991185,0.9900040461780389,0.3231126210463055,0.4435170069483715,0.9269519589438958,0.4589187724601394,-1.2485114372410273,1.25383244524323,0.1037646856209027,0.05829237781398796,-1.3016117105788731,0.8819259132751356,0.5550117999726308,-0.061193011430672274,1.324870182292787,-1.3150216680652664,-0.22437426299612617,0.9555501067023022,1.4954546328041447,0.5335146091730868,1.8225100850905775,-1.3801609441583569,0.05928929333996346,-0.10408360476351279,0.44477850060963414,0.8694720161279613,-0.6346886869484758,0.5327884009858098,0.34063920324421987,0.840815848958634,0.27488041192095114,-1.0384653032893554,-0.9119062340233015,0.5595676210083848,-0.21932535835118683,1.9207688888308587,0.5280618439908302,0.36256054232993756,0.8841964853407416,0.903369807408611,-0.7045051644460335,-2.5789126993050546,0.09503741358976037,-1.0281253393913037,-0.20040218701145693,-1.1378641021669804,-0.6628311156916137,-0.3448814196719825,-0.5056410175208662,-1.6050816272225417,-0.3110159392817192,0.9646359229203685,-0.8160419351592628,0.4938801130917819,0.5259059654746324,-0.04880747484853908,-0.043816406081703216,-0.11851751582039038,1.5341678778566448,-0.6168895401241529,-0.15016661774095447,1.217783352488358,-0.1298726979961874,0.9271673734810887,-3.73323542338046,-0.18979872213378393,-1.57876432136608,-1.4442090064318776,-0.5646388948108885,0.16526645275125004,1.0115175297500603,1.356488511614983,1.4151615724499558,-1.2426885604308786,-1.036576156142079,-0.7004953616769554,-0.4375187372703022,-0.4975414879304688,0.21190687706838252,0.29364538915121197,0.060802464888661686,-1.2349139119248678,-1.4525619951197881,-2.4843550972251234,1.8988899017954268,-0.5024680235152506,-2.3996531871028393,-0.1775331740621199,-0.07555924643088442,0.14214615581427742,-2.4556832626218745,0.11497470135007827,0.4458521615677338,0.6381962538212189,-0.7362405874956512,0.3105918217115334,0.07626658437906933,0.6733212575019584,0.39696727979770036,-0.6268606290412877,-1.5708903944507946,0.08717393965119283,0.5061099440378861,0.35576383255154886,0.8821526712320212,1.4720887831672325,-0.046784231640487936,1.115237721665436,-0.04607731989992678,0.39101051677903204,0.06723552279033039,0.5806975219635246,2.202846493858835,-0.48484536754913615,-0.8572309192339999,0.2254894113747675,-0.6028582792181212,-0.3954651992787082,1.7920017461843303,-1.3062763698806046,-0.07593136256070394,0.5894715822522635,-0.01707749043625784,0.5248855530494163,0.09535629137574148,0.8375640670585557,-3.1930072247678036,-0.7292514045999842,0.26670848653275375,0.11232430254482813,1.3077892735008658,-0.6691363665888735,0.24670613855707618,2.1511097370800596,-2.386368156766649,-0.803289052195575,-0.5756944370072304,0.20825503398868994,0.3755611814581195,0.8229584894829621,0.7402374200524879,1.329112320512168,0.1753905709816942,-0.25284425968949814,0.030939254626571634,1.6763901501935554,0.5650380100376591,1.6083431570761682,-0.09991450830897596,-0.5977195969291864,0.34169940285231715,-0.010114985679917934,0.5065753874362785,1.1440659824249335,-1.2069164437071327,1.3596232062262226,2.319600785305036,-0.3413786644498289,0.16473614376528636,0.8889836994743641,1.2896100089108835,0.9529612248822747,0.40274816358539794,0.15344987540100738,-0.44381189659789594,1.6371301576308532,0.4964471021792553,1.6218138601836067
0.5805681522896021,0.41691767325327134,-0.08356262668375138,-0.6559755919815986,1.9607407614670984,-0.10472921528409608,-0.6060366465827176,1.015139254959729,0.6234780237536632,1.4801765244813574,-2.2374986923928226,0.6494718604809967,-1.1376538917669916,0.4701862296419728,-0.13745236760419524,-1.1893132080626367,0.8068412333477141,0.3997252645268763,0.025036369953422125,0.42161088594137797,1.4288635805092906,1.3848689303416266,-1.95186975464698,-1.0886844007862946,2.023504336781444,-0.0233054824848283,-0.5671146491816427,0.5333691574280908,0.1523346355347927,0.0901481429535888,-1.108229597999114,0.6480081603712944,-0.1253466804082581,-0.014151883997383716,-0.35711699423392307,0.3528020754410281,0.3280977548474617,0.19805738642861634,-1.8598671915711757,-0.07470100608443585,0.9522278431403867,-0.335488490704782,-1.4691200736691703,-0.6758633760357795,-1.120142368434768,0.774104202967121,0.5183530595908176,0.3135517639984469,-2.416487979418817,-0.5716998238496371,0.8249785837352228,-1.8987596925497996,1.9379000532613584,1.1330736583748313,1.4754580797067984,-0.07228345090545123,0.11606547250148506,-0.4202062720078441,-0.1263373493088437,-0.43281037678319445,-0.7422258210363314,0.4204484344413639,2.1654333302265623,-0.9771330743935384,0.6754586510365859,0.4149634369374029,0.5068186447080709,1.5809264121632205,-2.439929150178089,1.4710732440582066,0.611229721080263,-1.050808172367269,-0.06909556584922676,0.4571224561162393,-1.3077432644227514,-0.05721849281704293,-0.10173365331074742,0.22968139519636713,1.0725844651828311,0.08472632972578392,0.801667895901512,0.49653162191422956,0.384518176678221,-1.88417535521705,-1.648591576939059,-0.25975232384107966,-0.9891992464906992,0.10804594420735672,-1.0422354434318823,0.8986989379782487,0.25448834697693556,-0.5190321635704028,-0.6256162775559109,-0.29786622761517817,-0.32199984993572583,1.4999859688707584,0.8553857113166144,1.3804662294669796,1.9564149289044745,-0.21878950086900528,0.1692204889244308,-0.8234276295777453,0.6168313926455563,1.6317693198710763,-0.0061486380144159785,1.0216726453696063,0.82185506901246,0.720896016246165,0.7452706001833639,0.1384399766364559,1.073917522623298,-2.259406142535146,-0.7190276850884677,0.6383863629420446,-0.6091132193207424,1.1964159415075297,0.9312207473383803,1.2582367093154785,-0.6329582454000368,1.6951455906968085,-1.6709831791511465,-0.21015676793269306,-0.6989860696269254,-1.2616910188238106,0.1594480121794326,1.3544189209734894,2.6212778204906466,0.34635669805663805,-1.9636015617189828,-1.1050889353295157,-1.0260192854647412,0.0633455651784226,0.7128704027015104,0.8687928510376104,-0.5209503449152785,0.07694821973461666,-0.14280286991701152,-0.4932328431167652,0.7590826058622183,0.3073503095960318,-1.537945652595605,-0.5512676191200773,-0.5646683303250661,2.1307676534570628,0.16424583248395425,-2.2930077339631496,-1.1973479376856924,-0.2781004520731889,-0.5074003607503361,1.8478051798935131,-1.1885379668759826,0.18127619771239126,0.07039624979104253,0.37230829627671236,0.624263744471301,0.3141201109275155,0.24866773406595627,0.8685550060231549,1.8328831153425988,0.5196957075875789,0.035106008148619576,0.8877183523810351,0.9659494274985289,0.19347902511993284,0.1496385587252898,-0.06949958364370012,0.05403949822950041,-0.986905021203327,1.0616770589371032,1.309329309659083,0.8323578970364827,-1.1766501982087296,-1.1068408971298869,0.6346978515318484,1.8776147699501076,0.40943847321553756,-1.862343799841343,0.28180571203607757,-0.7436007915127779,1.832728772257465,0.14253984853667004,-0.3438692440669394,0.5879053248773152,0.2518922756271416,-1.5922770717706751,0.0065555654360157384,0.40054147663497036,0.08480393300533211,1.006844945229866,0.005927252360356776,0.9142709025039877,-0.7805704560724135,-2.7060909850587573,0.047661095236371374,-0.2947273299077314,-1.0748181044681202,-0.7914926913247278,1.7415495950360391
0.25065084693474377,-0.3290056032231584,-0.936345242119267,1.0050926693312245,-0.09256542874210756,0.32912663746917314,-1.5057503964103305,0.4603046865731702,-0.7288767916864559,0.056209947880886874,0.9032203769993047,-0.9215678860419204,-0.17552604760842258,-0.18627469411632772,1.6665801646714344,-0.9220845883621629,0.6121122114630212,-0.7237997315629981,-1.3611083371305053,-0.8803568351275799,0.319800258350056,0.47950927902480517,-0.13350356821866713,0.0974375771674473,-0.9798817179080812,0.1351343695113666,-1.3571981266450934,1.081393634173813,-0.2658600989998391,0.8155863706733898,-0.025943885971719156,-1.4940180561899052,1.2889797693813765,-0.23181466221119768,-1.1953303994231383,1.3225171853833928,1.0146056647991388,0.26370810609527306,-1.0475917639925811,2.4592769413793873,-1.0508679395087521,0.13454491704183583,0.8416432618942439,0.2696125590879282,-0.9645256862751654,0.42976604734471124,1.2556338278651527,-1.3779715632023755,-0.7784753450089399,1.3894236861257825,-0.29127450307095837,-0.791214699740908,-0.08039237202835237,0.4315298160642971,0.22903771889633037,0.11710991460655357,-2.498955342541129,-0.35037555233375395,0.11514667886700078,0.19744223175654396,1.008371459656463,-0.390963403370459,1.5576455029003964,-0.08591727035542922,1.4054471912678899,-0.7294064741708343,-0.4167722811555696,-0.26411114903060184,0.6281671393793086,0.14198894642562104,0.17861486465062776,0.8620280727084002,-0.8147479298279161,-1.349645903794131,-0.7192832548686087,-1.2985580752879198,0.9232082668706577,0.03776102254733816,0.704526682009559,1.4841150529263318,0.19626244002817067,-1.1454313842643413,-0.3991787814477555,-0.48322127059896836,0.23375212630138237,1.054356240318501,0.4886684066393672,0.08460223900662663,-1.276352021178107,-2.135446092324182,0.7830751023201388,-1.5683825058049592,-0.10492606886111606,0.27929491068832263,-0.6993578900051869,1.5747431051234375,1.0241249217249082,1.4166242131745412,0.6787156454539767,1.3341705704816766,0.6704486143546243,-0.009261427329715072,-0.5986856852297705,-0.2988111581301355,2.4535014742617864,-0.09633514059185477,0.3792025501948897,0.6150605523509026,-0.20001061059519032,0.1244485375013287,-1.2613733571915513,-0.3917029280692821,-0.5811646484301342,-1.025180010007989,-1.067797035028,1.7219948758601002,-0.8195827033157737,0.14085799598670615,0.3516833611704813,1.181289768798857,0.4752029898524827,2.127365263444342,-0.523699032069825,1.01191063024148,0.7706380342713386,-0.6689929986019849,-0.4406563101945352,-0.4070642440427294,-1.188193505648112,-2.2772548394074357,-0.612323872024671,0.8056202401148581,-0.7924281998232959,1.4043334886782801,1.529846730933436,1.523264605918731,0.6398107007383061,0.5507966423609939,-0.6618357737290946,1.0210028569826832,-1.7931995249615797,1.2301652636150813,-0.4673047222739652,-1.3359640760535711,-0.2141187744247475,2.8951474157203956,-0.617035805837255,1.8838489424919582,-1.1789623026855012,-0.6286951665937106,0.41201367852657467,0.7470693794433936,1.193000120443023,-0.3918764214051303,0.5944570693149421,-1.807828721038664,-0.02720329059925521,0.1934050975407845,0.1760778843631641,1.885964896059556,-0.06542130041633006,-0.2720570094436726,-0.021471946549114343,0.7457551325279882,-1.2566396628499776,0.30025284594606266,1.1710719270166925,-0.2953171514010687,1.8816838704130119,0.1898247305195509,0.5033193814408412,0.21599873125086674,1.0260213270475365,-0.21474729428358794,-0.015535201468131695,-1.4541608054249857,-0.05462475565026721,-0.6183648556187726,-2.1501342876533633,0.7132069013001011,0.01137676488059914,0.20686889092619679,1.5317623216773881,-0.1331710907952191,1.3071130301098168,-0.1881804839865311,1.081288269703749,-1.9059350418500824,-2.481558260037959,0.7695800868646036,1.0696508814180914,0.553679053781911,0.6956831486657287,0.5101549333278739,0.7442124833128174,-0.15574673520577906,-1.276546467524784,-0.8474912101687377
0.3023161722402683,-0.18026006430892186,1.2389588007004146,0.5197152599693583,-1.1707011602396822,0.9497706501754903,-1.167338123922756,0.10683574753265589,0.3264398470731052,0.2823321845501998,-0.9815591576899462,-0.5922054165282606,-0.5631384972013924,0.4088133238039491,-0.8682068159033939,-0.8207682813488487,1.3713975762439616,0.13803796726983592,-0.20865639958718046,1.5467324809929903,1.3208983921767727,-0.6435945712215649,2.282477554318362,0.6633496656926164,-0.2780038983117797,-0.5705146665155776,1.1196204224084814,0.48950997035356575,-0.11422619480072589,0.06747750608068818,-0.28266926414419546,-1.5921093404864552,-1.1211508934184458,-1.152097709891958,0.9217262352517812,0.3979851709156486,-0.15025833572570643,0.41310940136864926,0.3927151655793544,-0.7086118916581426,1.1622821038840647,-1.269594221192434,-1.8232890611340706,0.8220256391051182,1.4183704071322953,1.0559845672836696,0.13563503612637173,-1.3502397919889333,0.4831937976318281,-1.3595182838847812,-0.5032650278667479,-0.5864349246891595,0.2302847603502696,1.4797540589958298,0.981885143025642,-0.13106654589194153,0.6775993743475119,1.7561924283221666,-1.5303839045799865,-0.059020413925504014,-1.000430235115148,0.8829444340969614,-0.9655499582855581,1.0925075044371493,0.6453232334553032,1.4881990292889387,1.9258653364436218,0.45823514501604307,-0.3968098000972421,0.0868081675045997,-1.603677804598339,1.5945520005268392,0.27943030826974036,0.3842157800486901,-0.2790720487921298,0.6565882025641948,-0.5454054145714549,-0.8400342662732712,0.5976270167204907,-0.11160858233646151,-0.775099538502182,1.0699619567630974,-1.4295637650036706,0.7971708699961871,-0.5945720099461502,-1.5013725680779613,-1.124964349376808,-0.367165757429994,-1.567448141185424,1.0570416364287951,-0.8166456076476699,0.8597378711201614,0.18771013755726101,-0.9185316331364674,-1.312854158690714,-0.7241178512978651,0.8818366990153403,-0.9670116671482888,0.24329049066845232,-0.5140174048447922,0.6320905935534695,-1.7883955604315367,0.14102098727345036,-2.0050657693108827,1.2105875820259513,0.4529905669201793,-1.1650369419184656,-0.1630439278032333,-0.8051593680962603,-0.9873952853421519,0.1485337049331339,-1.0914518820027321,0.43254322467106815,0.05191842034738278,0.5471450131743265,-0.08467164648027915,-0.5994573517130125,0.7170168677869129,0.2984642778803878,-0.5398666421484716,1.98494916897491,0.9963368095699688,1.3025413583060166,-0.5290859609236984,0.4719898357526141,1.9007936480710175,0.2016356177080074,-0.8739608811614563,0.6930916966227801,-1.1653341691520815,-1.6060074451278001,0.804435424100774,-1.548497044738883,1.4367215892647913,1.269556163767071,-0.0816709610992293,1.0828283315232878,1.04987331433411,0.20485801689414543,-1.1532648892849928,0.5064590448656293,-0.9177169869901407,0.3179988623484727,-1.7690802867039062,-2.3584293128757836,0.4172920837820609,0.28263660420111586,1.0110307224665793,0.26557824677424496,1.4531672431338365,-1.9268810788670363,-1.5812162216743664,-0.7940586016637838,-0.17888997879810614,-0.031395343796783694,0.6865437668610199,-0.8214716252880983,1.1011351761421266,-1.3664241474348118,0.47558358082115326,-0.4308134751855806,-0.5800088345560367,0.3205926108783992,0.09410016686755014,0.2872793061706072,0.9099161609003483,-0.7463151882367614,0.07558915368883332,0.14494079763563134,0.047361014508426426,0.8456288223876601,-0.029938046129587052,-0.3466879060058605,0.4474206750235254,-1.8212538647856853,-0.5282999413131833,2.9088900861027978,-1.4168122484684662,0.730116412369789,1.8371907690654228,1.2201777666098026,0.8802660071468864,1.2403218433488186,-0.7050237018967633,0.5323662726031485,-1.283985812268202,2.272017369189802,-0.827716557335672,-0.034716754449097685,-1.3049750220282073,-0.1751936435394358,0.03621267803477383,-0.48855490748925146,0.9295426900723575,-0.3283525720591025,-0.21350346675611112,-1.025894164670618,1.9072421751084627
-0.04434308466569518,1.1421678570487839,0.3044148994273108,-1.5120557040102245,-0.8593608759473265,-0.5699822856245248,1.0499938534310715,1.670111953466579,0.4338527685115161,-1.1288067720779569,0.24973647793032475,0.08380856610410516,1.0455917194964368,0.2297889705422891,1.715770125119026,-0.618779662942641,0.0356137855855797,1.1077733171681416,0.35349442712005624,0.219049490978466,-0.27342037731858887,-0.21371429383707413,0.6593912404390867,-0.9974700441855797,-0.19061867921707878,0.966788783898386,-0.18612577505662303,1.434600157807494,0.4605935090050024,-0.8632215286250259,1.0791930771091138,1.2750646790145126,-0.6433371732017241,-0.7952918819100001,-0.4203895770895623,0.4065795487563548,0.21111705170250325,1.3839581299703678,-1.2621946795053038,0.17779761135137617,-1.0465208081638895,-0.916717692477294,0.20921445047735893,-2.152207773456115,0.8620101508969105,0.5889525961476687,1.5410741460419632,0.5408158749619463,0.8648475506606078,-0.4459149876640279,-2.5202939256565218,0.8074812422757291,0.7031088398613466,-0.05243487189467717,0.18791608176507393,-0.12835178706609,-0.13522721274487318,0.65116265819074,-0.5554993412387711,1.0632575517475993,0.8536945537549571,-0.7586320824369113,1.6154107525915395,1.0383365947011962,-0.6126112840340565,0.1001842754315902,1.361059504056925,0.013423257009523659,-0.6302640897270122,-1.5342823860273762,0.515699034096079,0.18617760459929714,-0.9111867449857429,-1.6570418829097315,0.11772926710015764,-0.40022371902132464,-0.8792693680820733,1.675361558247703,1.971829923253281,0.503833365530333,-0.0991173604648314,-1.5275609225090976,-0.8576678277879611,0.8850816830668715,-1.469352460011789,-0.34485860046532985,1.3427877070855632,2.237097246356059,-0.2535746380012959,-1.589306425765392,1.0329325142056893,0.34454054255426053,-1.5459014841655678,-1.4854306297320872,-0.32470605290886934,-0.3080361129307098,-1.416687003884363,-0.2530523847358064,-0.5297469070189245,-0.1612262009371744,-0.08459636256169452,0.3895977931903615,0.6516480510884756,-1.244091166044686,1.2379565607068004,-0.49783097275693516,-0.7864743222317364,1.774468076814551,-2.054017081356854,0.33299311078462085,0.1553534975286247,-0.6831936917863642,-2.1379818183412556,-0.24997282610318972,-0.23269053777938062,-0.5954628612588955,1.6344821576842177,1.799584813226187,-0.8522477391348451,-0.7453575036536053,1.5107827528243158,0.13296063372821715,0.5133562033165198,-0.5302611270304859,0.31445381029560765,-0.9123213474956747,0.5821691859675137,1.6943904007953352,0.43225744338041766,-0.025274999227347068,0.704447984357523,-0.4166079283326666,-0.24561403875202406,-1.561694616852564,0.7850815512175665,2.658000071290583,-0.7943506452465359,-0.6612672261507486,-0.7172333090257774,1.2367473214876181,-0.3639478763917793,-0.33074347010826843,0.09076942175619138,0.4145044405412687,1.4719401965724606,-1.1183331338482685,-0.581583795681226,1.3674522518957977,0.7499623029276451,1.2486768133222956,-0.05761878458066272,0.21425130744615323,0.9684432413631725,0.6327820407172113,2.157302900201233,-1.4701393270050243,0.8232853288624666,-0.6157964188639585,-1.5158462148465888,-0.3277455442000652,0.2391571825773582,0.3971521455704653,-0.9426762432818028,-1.1623312377327697,-1.436209710214703,-0.84731291679043,-1.734057057245675,-0.41467765299246445,-0.3212662632790051,1.1666658956334472,-0.17223672323363598,-1.3593658921889482,-0.6696580018548075,0.1624371145134501,0.47353492868158575,-1.3657986601409546,0.1280981312638385,2.2501398662630163,1.259581560780691,0.9432925408267641,-0.13193469773128144,-1.404701354613017,0.30601072571589255,-0.14019194377072183,-1.3055368751235297,0.3381966753354511,-0.21683226690290644,0.09197734650579846,-0.5799796760541113,-0.9582535306496451,1.7533084988740393,-1.5245117142467266,1.9885792584730722,1.088328938455792,1.1269511514066681,-1.3574008542210512,-0.05740741809229008,-0.09198980642186048
0.08375057815545489,-0.23189199118960854,0.2801306179392141,-0.1108932227182681,0.24981876344153545,1.370623719161358,-1.022654696014855,0.09240756853500429,-1.0117146232341463,0.2634893286162204,1.660111263047203,0.28891339400407123,0.7115176629862977,0.8419107449841634,1.8776984511591854,-0.20697901692132825,-2.570843117716467,-0.33726330422073003,0.13304393714299112,1.1354187636467539,-0.2772541122986537,0.8526537137945293,-0.24781197477484984,-0.9119190367543862,-0.6654469438335741,0.7470938029040507,0.6450182147080468,1.9932537701670618,0.7026556264757312,-0.5510920817549458,0.44141761222978,-0.3452996207967612,-0.7604395228930138,-1.4893270146699067,-1.0810445496185788,-1.0612891179714177,-0.12036654865354138,0.625378080396428,-0.5814426753271646,-0.4004103769747298,0.6611444845574425,-0.4921993166744163,0.8470710978591116,-0.12016253496088099,-0.3393465152215617,1.9428900668992726,-2.06792025277199,1.5032823238921713,-1.8922238936977942,-0.5834481102335113,0.0047053332245665744,-1.5439412956217788,0.34786119845732155,-0.25244728026061836,-1.1675900300148117,0.9147033342056939,-0.3691342971480566,0.6746792980774505,0.4211081154234303,0.3598249519858618,-1.440018232014599,-0.33339257769401864,-0.8271630915992768,-0.2219474769790085,0.032136807235781883,2.3024236180712103,-0.2131788889865756,0.014584530140188177,-1.7984436415364504,-0.19880429695541416,0.42271827298609727,0.608849796265028,-0.2286931451287031,0.24091390247913527,-0.1723807903535599,0.9180169172300636,0.37118761137832135,-0.17352441177744174,-0.5858189683679925,-0.23671722867216996,0.6630719539243293,0.6185514590876676,0.9189320640291447,-0.7993100759335527,0.3135295639390253,-2.2075497214715027,-1.0697127843780547,-0.12026298290840626,-0.3010697268986394,-1.1545390936082431,-2.9408854210565902,1.2342409438821311,0.14690980714098098,-0.419655947902892,0.8262188549058499,-1.697963673210985,-0.35527140894524184,1.4419055766154787,0.38960477298109786,1.4107104605223788,0.4130684022787317,0.6760575687166559,0.5893898654742799,-0.41052856176893776,-0.25714096046340784,-0.38404241652468224,1.8800302407799943,-0.21514652123538458,-2.4107943576386455,1.4721906446843078,-1.0824256475970495,-0.5041695396260841,-1.3150077723958487,0.4555863724459363,0.3735551471434574,-0.3366704585369713,-0.04036285010549604,1.2091361912554341,0.27216412857048217,-1.4408605877074832,-0.4058168780752162,0.6057915330891208,-1.2594844770354165,1.713270828466738,1.3977265566163493,0.7319281206067683,0.5595985541720775,-1.512769005369296,0.20475179546064867,2.1182342666886536,0.1389331324175574,0.017408437431610663,-1.1837429427927701,-0.09095523200854849,1.381831090327303,-1.3940124625385986,2.4160526581947583,-0.5352060174275104,-0.644002511919636,0.7606561358876258,0.010611431340265962,1.1579420304759676,-0.016937033213272074,0.1503582939278198,-0.6244320158916465,1.1547586527198512,0.459209847888519,1.1183322071912745,3.12984266731729,-0.1381827069655103,1.8144553455342116,0.7688341079792338,2.5427117425338666,1.0445890976597472,-0.47173129190142477,-0.3331271543597175,-1.0087626715922418,-0.8186715123184949,0.2584191015105562,-1.1233132385814912,-0.851540824525584,1.6625847399881686,0.5911567352500662,0.4450087054097691,0.7007713338972068,1.8943762818166237,0.17970030238557702,-1.6619880571997736,-0.3896854444996561,-1.6901119285464452,-0.009677977441124202,-0.625370672088359,-0.4039111810595803,0.4700932065755354,-0.5231628916809843,-0.5300474744444774,0.809315629037621,2.339882476469613,-0.956234519979579,0.08975716640826158,0.6311191020660576,-1.4403303594991688,-0.4567991308545407,0.009072596229475385,0.010930617625272513,-0.3665989466716805,-1.7720672869994243,-0.7930023222543767,1.30925175812094,-0.2089296726940656,0.27888834711730404,-0.5121767981534541,-0.7317452982865367,-0.12561727216175508,-2.9492237304775255,0.5513693547824495,0.9594912280577732,0.17487352383330207
1.0663605679271553,-0.6371516555737454,-0.18534372990334327,-1.4288647254494165,-0.6587783389561809,1.0290696711331215,-0.6426109178933664,2.9110797264105783,0.6136656236913292,-0.18465466843126818,-0.8268106340249786,-0.8743318250113561,-0.8933732040478454,0.342458049831303,0.4961640425834131,-0.41323002234708683,1.4919962059221072,1.127185500043373,-0.2409655082714583,-0.6330065292779247,0.19494322326356958,1.5264685869620807,0.011849867989982995,-2.8613562863674575,-1.550126341900372,-1.8196590186632426,-0.9179619452376134,-0.3724514183042323,0.10012307650563922,-2.3541138201641223,0.1346922393173557,0.27706164197421856,-0.8670709997985244,1.0534051658918302,0.06118924700565545,0.8147034311685992,0.09636601427496218,-1.7833343698138147,-1.1730515646888144,0.9266818880624386,0.3918822797274511,-0.7617595085846768,1.3497292222688229,1.5872637008546795,0.7876904426744997,1.2862671994295385,-0.5959114943250982,0.5580967377060059,1.2106227799814864,-0.01636382773496602,0.8383745579612627,-0.33209304921962307,-0.9804120850008927,-0.6827462399893586,1.026157609789547,0.6676200665410308,0.4232452811156475,-0.016339870830988836,1.7715174427858302,0.21076102764314217,0.9811183644937818,-0.863468944467315,0.15310615032297709,-1.445137845022613,-1.1013691840999384,0.512552003120335,-0.23902323974765505,0.3202503677765533,1.6486622101165516,-0.19252920463039883,1.5790404758335397,0.8197400804344742,-0.4454362061737725,-1.302126951836781,0.6983365190131355,-0.8073480567168498,0.838744190598306,0.5625109115016932,0.9208876597790269,0.12064627774796428,1.4828892882099487,-0.21590260545229567,-2.4476089559979677,0.4984344512166598,-2.2721041689192507,0.44433984947226496,-0.3197061276648474,-1.1360451981076969,-1.0392148105528032,1.407119658527316,1.343563510981965,0.5297213032414483,-0.4576528326073127,0.546218927386749,0.518036139252007,-0.7461376616376857,0.6806354290807325,-1.2995739508100883,-0.49244065672653947,0.4962860781120311,-0.27050916124796875,-0.6330418270647454,0.6994900491083693,-0.5325437762208249,0.9777660895912522,0.8079527120591511,-0.8013016871959843,0.7687319612368769,0.39301434456947887,0.2088029699608691,-1.082255736977532,0.6974401378591606,-0.4155733664857035,0.8422809707247454,0.6394096247922755,0.7338003909702511,-0.5690114117380081,0.612022199669312,0.839087123642553,0.8916006140080696,-1.0075732391587384,-0.5373818956832563,-0.6240405889859656,1.5128511843442503,-0.9254068857689881,0.39210973421984285,1.466790973863745,-1.599117875056788,-0.40928822630262046,-0.1545059928895663,-0.3804571119943883,1.79255137764109,0.09825881537706706,-0.904104528746882,-0.03408048828229575,1.222548957647985,-1.254819068463226,1.0491124120846966,2.5509045071650784,0.13680156819949296,-0.5061485566093833,0.9912153301408823,-0.2991559805663635,0.590046676608541,0.2902326720763654,1.366474174793265,-1.2021717398926508,-0.6254931339715362,-0.2118268571420327,-1.8163648451114038,0.1051120476048472,-2.9311648206296357,0.8631253103790727,0.3674610224254313,-1.0766013060405613,0.11636797091663763,1.8547712293213499,-1.8370742024956397,-1.259915498926535,0.10844254155827934,0.9163229502121546,-0.2600381635224105,-0.9768980582462392,-0.8394983823157502,0.9911222997856082,0.014581992358735002,0.058229016576467084,1.4068363822209589,0.07353808075161618,-0.0008327894107817489,-0.18809769262337117,-0.5687730679561399,0.033552756039517254,0.4710655214572395,-1.5890991876926979,-0.0979567981151641,1.3294407161907678,-0.3223435620477012,-1.2132589563748526,-1.7779000172375299,0.14234297939138515,1.1353044245481383,0.04406777319985747,-1.2214361531018982,-1.1715325007935462,-1.126665235530565,-1.5350139608571896,1.0714483237724435,-0.12444138602925482,0.1836291234930942,0.06130938563126163,0.22557031780282372,0.3851966315664323,-0.6044904336683943,-1.8554593106132897,-0.18040798970600253,-0.5910133566747885,0.9584323898300527
-0.7046650086845124,-0.5340664663673793,-0.49437232131945763,1.642908028637125,0.6120014672850165,0.3746882051858685,-0.6324932214019673,-0.4823031735523459,1.3531812522747186,-0.5441176065147294,-0.48144364145748014,-0.4006998251539354,-0.5534838821027394,1.9893061196630466,0.059889010878343946,1.0811922761944155,-1.2582888235119944,-0.3332875958230855,-1.471547831049052,0.0902324197288855,-0.8630401264843287,0.11965696412988389,0.10635595193123469,-0.29024417865528035,0.2813382010268347,-0.3834312644725067,1.2162247446020709,-0.26251483267790227,1.7583247751208595,0.1923050195846965,0.029192819552497168,0.5444621885179697,0.37276816163123233,-1.2815414252258301,-0.8553906604649708,1.4842106229025935,-0.40337812704167925,-0.5689747641064151,0.8176024362072576,0.19438827194340874,0.174131879425795,1.8190600513640511,2.150346727596627,0.8049236953033279,2.159540081434914,1.0991390384355884,-0.9248093995355559,0.247507589176206,1.0870139292355492,-0.37059591598057473,0.15827857428477402,-0.11566997901835092,0.20656372559559125,0.7308951723371852,-0.2371898356419084,0.007817653945674964,1.8415469447059185,-1.3623056190348177,-1.7097245269296653,0.9929645487145534,-1.5386734303620306,-1.0843398307852499,-0.8116218032821764,-1.1125204690592734,1.0320801130748094,1.2218163004502471,0.4639785385566674,-0.023225615914726,1.4345562577347513,-0.6111117353293154,-0.4300663675552094,0.6310926722504836,0.7013888277264652,0.5163813778967415,-0.03432364203551775,1.1108986078179777,-0.4506354026718019,-0.5215806107144363,0.9200746791106977,1.4355427888292887,-0.8596222536464856,-1.5278304337839093,0.23131800393205731,-1.5056230630755092,0.10134509671648301,-0.9038171646722534,-0.5079936182528962,0.5192584769103517,0.44986541647312295,0.7348786638718562,1.2641617300499555,0.01136736463956479,2.6657005761760515,-0.24439842578129914,0.9930199682150447,0.9259334979865119,-1.3664613056092234,-0.4305125657680147,-1.696176846894999,0.8631288596461781,0.9822628945230046,-0.37687313278647694,1.4821592611236623,0.6014521543378316,-0.5208050463184322,-0.267952431722804,-0.7781723357301684,-0.5475771719369519,-0.8772313960337268,-0.7157358853838569,-0.8754744853368847,-0.2696620769252122,0.8904164993533542,-0.08176131155123353,-1.160991905324741,-0.5630548647191738,-1.03486355742121,1.4279371404096632,-1.3167432376485264,1.0430624015405883,0.1857220091854107,0.3514146063227813,-0.7966818304836385,0.10767304786790798,1.229653489548857,1.6341999028812417,-0.9998800926941154,1.1283747020567705,-1.2596822659679408,0.7507293574764504,1.5777348785582592,-0.41987308429385245,-0.37460271032788894,0.9322106870340904,0.20047096013731183,0.4382380131050168,0.9077208109498506,-0.6367060396713474,-0.7498724877840143,0.7646768092981381,-1.155195165733536,-0.023132793452886023,1.258039557589806,-1.4529554862438776,-0.8656745144856606,-0.5103960358832811,0.02841090112721074,-0.514612250628399,0.564635116952341,1.2793247442115614,-0.032290061070140035,0.40446738647145575,-0.9912601811354674,1.1408384475664544,1.196739792793511,-0.5637471646454212,0.7183081976606751,-0.8247934495855835,0.8788666461096888,1.2104513078611436,-0.7013901305215888,-1.0672653016701434,-0.44308626327154815,-0.025220697544019406,-0.04527700647912027,1.5812761249356606,0.03446550794917065,0.9812672010908502,-0.29886306612449354,0.04544152167195519,0.16559299976879754,0.4487386984705585,0.9996670092416853,-0.4685600395167242,0.31134445118484577,0.255724776736403,1.3235741138409376,0.43394493868655165,0.02297939307491262,-1.6379594549147762,-2.1916864189669556,0.9706317716138122,-0.6600242710500376,1.073419330316293,-0.4632311819745153,2.156796507174452,0.5479455943459043,-0.6450159167354927,0.2123917637033731,1.110373264408551,-1.2561451251005207,0.1521430906154319,-0.961387747808803,-0.5175633549424652,-0.9089783686944453,-0.5751023860811398,-0.2855289341480913,0.7077890194926685
-0.6741108235316783,0.15025148655989845,1.0577196296534712,1.0165546674809012,-0.9651256508625927,1.0405918476325107,-1.6604267184692003,-0.10855347820274933,0.6767644441696239,-0.14786659846763178,1.0648850493513267,0.33575585829380195,-0.8208723263694971,-0.27135098195135005,-0.1732446593537807,0.17070698742832838,-0.3971202492585954,-0.33582103297453936,1.2604339492948125,1.0744456150047874,0.556298578182073,0.049877243438501626,0.32063958595635883,-0.6389884625022488,-0.8003846649449019,0.03440125387215899,-0.1997146958330835,-0.2398206544721535,-0.11327422137487943,0.9268206286960428,0.486194240343202,-0.3630358042851007,-1.685574163338332,-1.3415511414004881,0.5579844924958268,-2.0426304379014173,0.36491168911806404,-0.8980900668259368,1.052900891599665,0.08962763496064294,0.59448381731908,0.69078533821126,0.05637992989537255,-1.12033464014365,1.0765870255329058,2.4516077137181633,0.6828910474712369,0.0471911698430434,0.7274519250718179,0.5757998552548298,1.4561565465578026,0.4498086501223724,-0.5160523457156291,-2.2399859972592515,1.1126386345426131,0.9513156178762175,1.2278348874482579,-0.418150058185012,-1.4248090764825767,1.074007241983368,-0.12433052649940934,-1.2320724491470265,1.4344158212629192,0.8349308490351618,-0.9516094714844476,1.4390989509291285,0.41829122974966604,0.9439294299466338,0.8651099885707922,0.2835141889233087,-0.23714543256785295,-1.7277433482107856,0.02257010182298105,0.11801273488910698,-1.223292306782625,1.452063251093103,-0.7386205603296426,1.1777491333577876,0.5448985424208543,0.45742021594413773,0.4096607655333145,0.3036482944364879,-0.07243116254336313,-0.5861248261583626,2.659051062944585,-0.19526644526589315,-0.10297930796251249,2.3621617671133106,0.8730352742853842,-1.5334612286880613,0.04639603357967441,0.17383944265220552,-0.404172701955026,-0.11435092017419222,-0.35298901326403326,1.5229991078838219,0.8227098534006558,1.2903186504798505,1.0461888231985053,-1.4617851069932395,0.9607811385903079,0.24635589358145138,-1.2205732581350823,-0.04510208043526223,-0.3946787415516051,-0.9780247057383127,0.658191091845539,-1.7214368273405483,-0.8996404166259101,-2.4048154507417245,-1.6255711403515385,0.6737494424970133,-1.8372435180742837,0.01100673458074127,-0.38180950866102303,1.4513175288896316,0.12466226498890386,0.2513880774136786,-0.3820783432324311,-0.19224351191676473,0.5677877305857196,-0.2791354439284181,-0.47890580331021637,1.6460747992073037,1.642525318467033,-0.8614070379786793,-0.6736841640681829,1.128512596310863,-1.6445514514436694,0.21729660338508044,-0.3252304478190789,-1.3440126899316451,-0.8908554561243204,2.339706142391683,0.3141307895215167,1.5079773990328846,-1.3888667247656254,-2.0957254435289965,0.8012057718734457,-1.2882826825423737,0.608221330001814,-0.0012557982339126694,0.9217793655948104,-1.2247626066254713,-1.6562800632907022,-0.04435276823568133,-1.4197707073417016,0.2621200187840145,-0.30497792884435354,0.8282729929336217,1.4627497029444423,0.8055721612836888,-1.7908331488571327,-0.6998729539230405,-2.084672083402769,-0.636838542598594,-2.0875168130462027,1.049353454006136,1.076366125154618,0.1162360895078671,0.2708980966723312,0.6120946708886958,0.24690207394254962,0.34027208854113383,-0.5115539065308534,-0.9948601839093796,-2.5802137746568836,-0.6110412334307761,0.857931529525753,1.5778608336633009,2.8307158246533564,1.6459650361866158,0.26675276974686085,0.6313554588892036,-0.18308239489146955,-0.07268082253378198,-0.6224439141078093,1.1595397998342065,0.005874897890946777,-1.6274900680660385,0.5183913688168439,-0.09142930632637997,-0.22084221447125618,-0.3342195880438156,0.24368442390684603,-0.48239856649134716,1.3028114589035504,1.1377747788810353,-0.4910318244591636,1.4836244571662491,0.025738619912780505,1.3359084130595278,0.25874170646005423,0.44128698329763133,0.32124817177713366,1.1912479352954544,0.1318162632116561,-0.5027650060063017
0.06850874340848187,-0.4520794592623459,0.22219637972473372,-0.45897326617717765,0.10820648154689809,0.9581573522745647,-1.294900815920142,0.7746217643633724,-1.3641017689472992,1.5061876414895525,0.06930699248081147,0.8194153932811425,-0.851833591452035,0.9473001943381013,0.05433774676771486,0.665009818136826,0.52973650060073,-0.5040581887999386,0.20749854748654162,0.5561073478552873,0.12440990637782394,-0.5139649543577696,0.09757229829339313,0.03287693063817351,-0.40580231904366504,-0.059924770515895225,1.345236477595363,0.10269715873567516,0.5437203406098633,0.6497196335416117,0.5876490396120603,-0.2817110597643747,1.0034524470773363,-0.5853583204826477,-1.1683676017039706,-0.8975084539379081,-0.07584354205702894,0.7683632586155198,0.7418734089618833,0.36658552462207183,-2.903187914634448,-0.15577326550912027,-0.7513898503494503,-0.11954346695323509,1.0494968559589344,1.0497817203690725,-0.7155369054069814,0.6991685876868857,-0.0749193515140357,0.7045757669297923,-1.3035827342786233,1.2754291978564387,-1.0641278904152427,-0.0659780205088016,0.3385705909169559,-0.8356982298539443,0.26647491970915904,1.8614935193940427,-0.022930590963296086,-0.5478940402999075,-0.6366987836071473,0.02517149431519694,0.6016018529159894,0.7471548184671485,1.7867989607370396,-0.49303615139941076,-0.10772607469122843,-0.5697745313670277,0.1281226389480095,0.546368521716018,-0.11061612140996069,-0.2336186312061387,0.48106367060121363,-1.51140133842672,-0.3039275702236649,-0.9240270977871451,-1.4712246356556389,0.6603004828205034,0.16924327418112736,1.01612362826606,-1.8877554007205348,0.07232814652550472,1.6732217837844785,-1.2078849132984082,1.4258477333637616,-0.46838147050128753,0.16267398934775953,-0.045373638662905495,-0.9881013051636092,0.7224657333880522,-2.1255288280109936,0.32972367465702135,-0.8557609501600321,0.1809518475271623,0.49193095163895206,-1.4230581572050263,0.09331832729179455,0.5867337740392996,0.08122472914844772,-0.09019900790610257,-0.8223970506637502,0.7147114691261938,-0.5667290508473033,0.0021524194533640547,0.20829461285838252,0.9457129177724954,-0.24169441700082614,0.5994830259154986,1.3270274833918516,0.35289981491390343,0.0025477699906271078,0.8726957952685108,0.845094624633711,1.3270167794273129,-0.0808131349466796,0.7719968706461486,-1.7822562475274377,1.4431837412172825,-1.009086819681228,0.5135114819914895,0.5856814155702617,1.679084258565119,-0.3975753948274982,-0.09409615530277408,-2.12772071229423,-1.1281736617406382,-1.0873346302528117,-0.6570707247859,-0.8661329340340826,-1.74371346913398,0.992582466117715,0.7018041829244274,1.4153957558520964,0.4024459433584636,0.9866342744404822,1.4626591520954284,-0.6831871607935175,-1.0925579666880105,-1.0143025102123842,0.9501415241471733,0.07428167369656427,-1.3283974803232173,-0.7030264289531074,-1.26425533924431,1.013317707304856,-1.1289748434869264,-0.38584515958630633,-1.0599158437328384,0.9037130055722085,0.24268516402083182,-0.8273232244341575,0.5251637944983846,0.41667883193307015,-1.1131824167194786,0.44875806545720837,-0.950861539142244,0.9780673781684706,-0.04429852645073157,-0.4254756152099911,1.1235074782606236,-1.110279209288513,0.06132563164775421,0.7272671904824025,-1.037650627941018,1.9249583077542083,-0.42665828775298864,0.5960278335236883,1.1897173404207395,-0.9226398780367582,-0.5234776855288806,1.8049616933754897,0.4237426576975498,1.3984374219084545,1.1314514534311575,1.7392399846325541,0.28996079168622924,-1.3718313971170144,0.6489016218742757,1.0753523033912094,0.44358323901259494,-0.36796744169576995,-0.7728328235209895,-0.8682954043073158,1.702217465246667,-1.6130673997591791,0.13225287577821057,0.6954353721929718,0.1441005068420347,-0.2764119593969626,-2.295184845369286,-0.30612607341680115,-1.4155974570069454,1.2279220896143352,0.09035750776313478,-0.8207119401782025,-0.4099966095138544,-2.1782713369106594,-2.6109508615080723
1.2201389545648376,-2.905492819956153,0.11867121338310634,-0.13112269169101914,-1.3551371477766616,0.04845545846565412,0.6504518808233579,-1.0425263460837824,-0.01490965464505568,-1.2747331397393298,-0.4758684618509478,0.5912298058238948,0.2929301768371615,-0.9292404315218337,-0.09693243799280625,-0.7092651332040877,-1.1912688433252066,0.9845336282492412,0.8085900688571869,1.8494168045073656,-1.509920618092637,0.7030233254098986,-0.9661708335567004,-2.201893964872985,-0.5038953664518071,0.8918779100721574,-0.2952855643445207,1.182659002546452,-0.7622669535719097,0.6399772705031469,1.4426555460801418,1.5029974712475327,0.6536487092058254,0.9970848893720274,-0.8959922666471472,-0.49151192622711004,-0.16649143961629229,-0.15818866201506018,-0.7113104684205602,1.1649276207966082,-0.4053328754719165,-0.6681919715615744,-1.0188951346600312,0.6048547288224437,0.21611852427413678,-1.049787566895116,0.45454582342674715,0.04586607382997133,-0.3943002712298839,0.5240079029106683,1.257994595290135,0.16138492860764406,0.20114232818697642,0.028745595158628328,-0.01857408905322415,-0.19811158040601395,-0.521967895850303,-0.4536600881641005,0.3419731191414246,2.2315296300784437,-0.5812143438479599,-0.6644880544209765,0.9716495883084829,-0.2408295039915043,-0.9174820619710988,-1.0067387942625423,0.04808737426949267,0.9651686202743065,1.5657230807636993,-1.1726083457110548,-2.039850547792674,-0.6440004399720034,1.5367085158884857,0.9848705264889595,-1.806674366827521,-2.333059042863791,-0.0643249485879667,-0.325005332214986,-0.3476706259200913,-2.427233661317854,0.18430766386771621,-1.4581464443561956,-0.7199628727564735,0.6134284955873016,0.7542777258388625,0.5578986266711419,-0.916068812671533,-0.16644379792584285,1.6140337904003887,-0.25214674618917365,0.23969894849213585,1.5320126560425698,0.5085536427766615,1.5645006594689683,-0.23565041704571263,-1.7450570349454506,0.13115876371775514,-0.09300306215862245,1.3525487100859994,-0.24934937633398357,-0.15986327112491833,1.1796467504925394,-0.0220172750928484,0.19177368959367153,0.6412089488111827,-0.4307096547244843,0.7469453992510932,0.8903666864053379,-0.2353659076534964,-0.20972017243664612,0.266236792313662,-0.4818733340437661,-0.4576288626867471,1.0808804390324696,-1.0186109654499262,-0.38215563269955555,-1.8151179654012224,-2.525479618839254,1.2645328257844457,-0.6212453056534749,-1.0763209136451326,-1.158801523288715,0.08023398893065634,2.8025400398437523,-1.1123302424039183,0.034403189255360275,0.6108550536925591,-0.7548785545383465,0.8514333752017349,-0.3795197726457242,0.490010962341009,-0.6400561872546516,0.660947880129171,1.0418240462439496,1.526932587696107,0.6324631122577002,1.1387386961964705,0.3679326466667219,-1.7442406487436481,-1.372836609856801,-0.7426473251718818,-0.21337674431343753,1.545488890881018,0.2925741862544465,-0.35419597260311114,-0.3155258677612772,-0.6887488414835259,-0.2987422549315817,-0.8415019700834436,-0.01977501594057931,1.4322267253230052,0.6196496969124934,-0.476017080940387,0.0264618823164113,-2.069964013200969,-0.2894092097252837,-0.47008183574839085,-1.0921324444525202,-1.4514255227553632,-0.07363868097826222,-0.39236534502782106,0.46860970319575695,-1.0410991077433644,-0.5206632819678907,-0.2695753543492661,-0.6715265292715258,-0.3631577546331784,0.8233138199918622,0.9169278694703606,-0.1985700136332131,-1.775779148280279,-0.07972757166062912,-0.9578132565598131,1.1159015370539282,-1.033991350668214,0.5755111772765225,-0.9930772921662097,-0.8048765740284101,1.6345091253612365,-0.9405733577612936,2.936420688450183,-0.8575331422927874,0.84686839533278,-1.2094989832113654,0.7678478311680839,-1.2442954513727023,1.4021630746155367,-0.24743071308659553,-0.32459583259720964,0.4260120330372523,-0.2671176965617377,-0.3402967236705793,0.8974844341518206,0.11844070692035151,1.9882797794852303,-0.6351613603611375,0.8330461168111294,1.1256659962496673
0.23234700964582103,-1.5450846536828287,-1.4760906123821833,0.7913190214716,0.6514339925115974,-0.8255469734272056,-0.6930998239370257,0.26395092132206777,-1.885691222928504,-0.9559425875395643,-0.2706068111106827,0.3093298180928595,0.43074603786595506,0.9546858415955819,-1.4491828981816672,-0.1352239163689191,1.244541842593258,0.7653506737151691,-1.5012660701757377,-0.8038414023992475,-2.8371898273968674,0.9048702160680412,-0.0643591240374894,0.5651459378134946,2.371651738265769,-2.0375217710892986,-0.3004454362591356,1.1641875930784895,1.0072499598040892,0.7213192317024578,-0.0987334294383271,-0.04317316664346328,0.1487282924023285,-0.11656858458525805,1.0296178785411447,-0.759907820887774,-0.5735751552586388,-1.4434180322148398,2.5326987044603118,0.7281373936756216,0.9523066246837274,0.37394965725171775,1.0760372498025113,0.9624206122999721,-0.5816006330168833,0.29352201302965797,2.5772857485813083,0.2370712772336672,0.03571857232854968,-0.13030668464568934,-0.5303068450435935,-1.0281723031955816,-0.7781628023495873,-0.863830827461553,1.1537896688987592,1.1591573489085472,-1.125707814951685,-0.5742264962176664,1.798532452708165,1.5178290441455242,-1.6561667835948914,1.6511443112033772,1.9283313111163116,-1.9365098332119917,0.4996886369440774,-0.2688393735093629,-0.16551444714353147,-0.2732036414224235,-0.8684885641630216,1.0127713089218957,-0.44743091192647416,2.3082979241524817,1.789429791607824,-0.9281651673580893,0.37169896219709975,-1.2777521564500804,-0.7461396495581896,0.20326020817623433,0.13614446554694645,1.3748386639703296,0.1992727663801151,-0.5161762647412274,0.7001307907333207,0.6390167262568994,-1.8080947547516026,-0.4282940908467019,0.39738033130391726,0.05092946374376204,-1.3278494157476664,0.17061175658531538,0.37212436266735605,1.3459360695961995,0.44700986688709765,0.7117341274074885,-0.27127835454109583,0.2658611647617053,-0.17693859296692607,-0.39250072288433974,1.1408458758150246,1.1423514296865134,-0.5853594101030037,-1.796889629118544,-1.841739143019567,0.5544799001291134,-0.3268693578008123,0.04752291552064411,-1.421508240234555,1.1830166088624519,-0.4065568215210123,-1.2255896842159257,-1.4954592015514445,1.1247427342356526,-0.7647568877435441,0.7878983630584638,-0.6927462948827063,-0.9607491554975923,0.014000758829826076,-1.6306337840610174,-0.044069247838197836,0.6307660705775687,-1.5615618357665775,-0.26289220501676136,-0.5321724905795748,1.0809323508207362,1.5736430625277609,0.39477226329434295,-1.1665746720910897,-0.23293147944039527,0.6499204492191301,-0.4790836673591048,1.7654607341094897,-0.9112956383722551,0.26091052467463927,-1.5875412162264875,1.2218206848558835,-0.8814831790459435,-0.020210872324570323,0.7490153327529107,0.331947086312747,-1.3010968797949103,0.18602565422855386,1.3766675848418783,1.348617089597802,0.3373758748784195,-1.0849348493447368,-0.9351654279229157,1.3206369270589988,-0.19641381473758188,-0.46799021803240176,0.4274807191267919,-0.6936706107665715,-1.0234242787646501,1.0379689027241015,-0.04997576566526065,-1.0072490751154926,0.3843803516317006,-0.2452398435111167,0.5954286258780221,-0.470294365623322,0.010586542017523768,0.7898470533418869,0.721221163273721,1.4039817033716169,0.37491666461456186,0.4769273507782159,-0.7382721695264507,-0.9168909540116171,-0.3985427048119103,-0.2908563794201851,-1.7990642644880634,-1.1388338882465312,-0.2456024425011631,-0.0207579362839085,0.2587759586322013,0.45168807597395505,2.3744842894178415,-1.8684132465943326,-1.4731812147898558,-1.5268321633588655,-0.8755274700367579,-1.6571778402453772,0.3198114308263643,0.5668639187391362,-0.08051515656433206,0.43470961715844714,1.2256951085157337,-1.296080805301605,1.9280190259897318,-0.06457365204960361,-0.7650275695480926,1.8185265619524784,-1.2065237315776534,-0.6315758518380256,1.2479023512402394,-1.2527308681711378,0.9614414129879746,-0.4650215691990541,-0.5050419917213758
-1.4261838675892893,-0.09592524947714866,-0.12198625387827952,0.5519457948633542,-0.5018300887276883,-1.0824744401860666,-1.4244076111306512,0.37920904233551544,0.4287490482504712,0.7858333799007771,-0.7084038260650514,0.34226783162372043,-0.26051147397308533,-1.5311485099637325,-0.42152571401949546,-0.26970693142668734,0.41114410563083614,0.12197485911772393,0.008822188839535006,1.2114460691673647,-0.0675103496767345,0.6807605239168806,1.8728546930448347,-0.8412840855566611,0.8445752085115534,-1.1301307570622479,-1.8460342172495359,2.780848591873074,-0.818288845630482,1.0353600281749271,1.0145167948558977,-0.13514615505720284,-0.7994234876200182,-0.3906278264263065,-1.2073091919191221,-0.07182310687346033,-0.4006221298603451,-0.18590851923352708,0.6565634364048181,1.4472247658565884,-0.19414602092108552,1.071773301316276,-0.4341313395739716,0.20154325688507652,0.32493145597013356,-1.5499329254151633,0.4280374003473862,-0.4782144650950216,-0.3622252457566004,0.43526439997283134,0.30911607180731554,1.6110151051023047,-0.6599415146569046,0.08826676136778408,-0.9258568993084959,-0.09002852631748165,0.7110554991326151,-0.9482916353006717,0.23354485186387852,-0.8871251475707059,-1.9080138291354547,-0.2366038562199016,-1.2873353846548186,0.01218884758218364,-0.04897366721604427,-0.043970422637905085,0.4141665211793608,-0.26678725201052594,-1.5921981211372684,-1.5832126029012528,-0.3358626113874922,2.510193000963099,-0.5335872013340429,0.5651485430040093,0.4647351053820346,1.1815601689984376,1.5419465993813177,0.4038270922343119,-0.5208768532845797,0.6244961375003201,-0.21342983232535523,0.5015161015046521,-0.33792529249992226,-0.33806638557529056,-0.7363979371168545,-0.3003121363075879,0.08904132649659464,-2.978263802602438,-0.5805026286822434,0.0540268559387991,0.9924211771761362,1.1403103684386784,0.7377937914029747,-0.46765309168388697,-0.11212714591808208,0.04163944854457961,-0.6287065785211108,1.0853138269587757,0.19991925858619497,0.538245455841976,0.3713686464495189,-0.5544787662234378,-0.8009555084450733,0.32107431207131415,2.8599430898286906,-0.6104182985887401,0.05052466566308174,0.22057473882855338,1.175448609733666,0.7385435471089413,0.9289062268658088,1.57681096655545,-2.3433358070007784,0.9339405681924419,0.9180797905636456,0.4593425057130441,0.08523014082394352,-0.5608561106620038,1.907009537208294,-0.2062466070148377,1.3537540810285407,0.13161663021187328,-0.2546309671641995,-0.1291747147358284,-1.404069312861315,-1.2832869509121159,0.0831606339542218,-0.5711462666265625,0.4500858610453745,0.6182798706722163,-1.355505876480499,-1.1160258249014214,-0.769628351592043,-0.547942988020992,-0.2593287796457338,-0.33597701400204116,-0.7284050719804361,0.8248011285638196,-0.5220458952948133,1.5260629943430355,-0.2913969895444414,0.6055710710709885,0.5389537323404157,0.6482705121900538,0.3768544598519143,-2.0672905621858897,-0.6180023989514364,-1.0102581725145088,0.6571239012820116,0.3696843928931712,-0.014749891648111161,-1.029221150017322,-1.7210064790510677,-0.22681118088590194,-0.6809939218045167,0.15599372657419255,-0.4315473334170281,0.6688572935317486,-0.04442681876218209,2.5415953016621606,1.0648852258103103,1.3859854915679344,-0.37244829661467865,-0.20954759465533726,-0.019076657895936305,-1.7477522618760843,1.4770024681937806,-0.3194825441187195,0.1853272542612154,0.2958349679326665,-0.36028227105661986,1.0870392727229594,1.1124801244637597,-0.6539721450389547,0.4624050401931187,-0.6327585263777878,1.654617617543291,-3.052612868385594,-1.9084214827376613,1.8455046361767458,0.7146229488950726,0.18115764897192577,0.35919625444545467,0.6350007810018417,0.2111149062130585,0.6339172493054722,-0.3534091197278913,1.1942070955206845,0.6506385066643131,0.8727389488972638,0.8271521916458994,-1.1455733413878533,-2.10634757792311,-1.000936594417932,0.5186229493349966,0.010547505850597,-0.537287504710477,-0.5196123317391773
1.3110330993938832,1.5275470154417878,1.2477719516662231,1.3271448395690917,-0.07470522887788242,0.9604656860930908,0.22410269248320674,0.6352630023582978,1.764858468308188,-1.1759034526190655,1.9801514725963125,0.6633190677108617,2.284636140050557,-1.1691366577861755,2.496015326026801,-0.7141442668522897,-0.15479849839173074,2.6816710251779314,0.732790960161756,0.6877797745960577,1.0924256530506153,-0.9672083276117217,-0.6445808195944248,0.2962782307128392,-1.7293287623643867,0.43753101156730484,-0.9973848475420267,1.5080482578480108,1.288129565276646,1.0793834894018002,0.303174790238598,-1.6059381126790797,-1.431863180550666,-0.3447854184345161,0.2509065631015033,0.6973543963798668,1.1843263429126285,0.16132537563060118,-0.07110131706496396,0.2946925562742549,0.008512754622007002,1.1110704483080656,-0.07640763936803184,0.9514244663457662,0.8904801457948506,-0.9875571938685951,-0.6184418053832468,0.856662553491167,-2.482896677001673,-0.7494884880136111,0.051663721647263974,-1.0286337840404485,-0.1748701035895834,0.9038856443302953,-0.1835264564060106,-0.08842456130860182,-0.24305629682118676,-0.08907753739990806,-0.6258728148943292,0.19158445705979707,1.3092715058142332,-0.006614702777694451,-0.876131300559277,-0.6884767302557858,-0.2601400654473313,-1.0969573234634402,0.2422568609635316,0.5267119587170078,-1.965790887323307,-0.7000420520020129,0.30809628853804094,0.4196713715425993,1.157603551230946,-0.2777820153166422,0.38636553337036966,0.5593248675105467,-0.47200346473452975,1.206369467013421,-0.4661258300352087,-0.2568623396942484,0.885653057290607,0.9615369244883663,1.1442371241029357,-0.5988291569254766,-0.570689781355651,0.5993196139514034,1.1317188907826812,-0.7332796700292258,1.6621056007953106,-0.7325146567468815,-0.1406391401029016,0.10227239207657782,0.4383795015292448,-0.09297140279855495,0.05163390025501238,1.0649823643530711,0.2150219671855276,-1.5758731420451613,-1.9256734267262545,0.3228095289176667,1.9075361872661234,-0.20788208041302503,-0.9678087384962759,0.11964165217699842,-0.5404810777734633,1.066916929731572,1.9378572748396947,0.5288463611571763,-0.997998033509214,-0.2971443704650979,-1.7533352706345606,0.47492946160375143,-0.049279009149021544,-0.5389149451803434,0.7439569225073137,1.28958372643799,-0.17722141566593297,-0.09845290411962175,-1.4833860794635654,1.223672774710437,0.1157915128982988,0.6283790331720873,-0.5948385661420301,0.8923325497787532,0.13066435415044886,-0.03617044496426318,0.28132963912360615,1.1792105228187355,-1.7985216139623437,0.4601129381215933,0.683526439268241,0.49277475951037975,1.4056122968879725,-0.2569093213887318,0.17698670367260744,-2.0199824273703806,-0.3425133615197566,-0.7120834271119418,0.5685852624181511,0.6656438021369596,-1.4619860656894015,-2.325212093946223,-0.5682369935877133,-0.8767567744223566,-1.8769442275459984,0.9291608497614137,-0.21119242499628194,1.3555471075236658,0.5487804224346293,-0.3632447686159385,0.7426557963237407,0.5816108407848264,1.635117852734583,-0.43885656595009154,1.5469866422433538,0.1560436068270879,2.151116524239928,1.7481522527666093,0.6378285953768641,-0.7154766181526317,1.307944811666975,0.47520205239012075,-0.13517709600964162,-1.2611286472363614,-0.3322387408623055,0.7042390082097243,-0.43506084900226877,-0.6157612701199205,0.4304298312715529,0.8238356997413173,1.0474286046532855,1.3684214766054617,-0.5643294391242245,2.088804151078511,-0.5854042746233951,-0.9292982238105731,-1.1992246617805493,-1.5025432470607119,1.412965621526645,1.1762910858517335,0.38855425444211095,0.8010942570760672,0.35884979806230105,-0.8586520496828326,1.4911223403347913,0.8527341826036364,2.435026852162,1.0669650739519332,-1.2612399410937865,0.18677609160607114,-0.49628039673600755,1.2041162481112861,0.12631220270013369,-0.5760968612639018,-1.1539664132669318,0.2341168559998623,-0.2736055938283415,0.9561470354213298
-0.016823627051706345,1.0147962762958136,0.9566406925043698,0.45519613376555207,0.38170841078047746,0.23984356214482466,-1.2132051042841,-0.2668700781936059,1.4462206921638483,0.4173090533507654,-0.4464998784709128,-0.6143621344397432,-0.26280388846093994,0.8989641114682877,-3.1227235677457696,0.08832740286296367,-1.3918302395208468,-2.1132262666362256,0.160289945724662,-0.859363359949848,0.6618537348001139,2.225481690859317,-0.9360572414286604,-0.21070039677945798,0.3627059274359387,0.6099097974092934,-0.7683593491382452,-2.231489244870136,0.30104172691137565,-0.3549982362402767,-0.00920182752906632,0.3146380332217951,-0.6449770237227626,0.28789250536466404,-0.25551952589573274,1.1166352279753937,-0.6904063040222083,-0.8200951375838021,0.6463901186424268,-0.3841960486476045,0.6120893384178788,1.6072637153077618,0.048988324317037785,0.3605580200057503,-0.4407589485116863,0.40645813429294925,-1.6911171288479063,-1.4231368280685752,1.920207012634669,0.013827180461652823,0.6607131072286011,-2.081778345902524,0.31895644381653837,-0.7931898759239702,-0.6437667343041046,1.1514259993535272,-1.1847542094989967,-0.19344638817042906,0.1401577437713022,0.31619798756263157,0.324763110726956,0.5448802993514535,-1.2867748481027126,0.7623873096550118,0.13299657843825513,-0.20945277292088227,0.14311005828019044,0.06879551687393927,0.9277135183538298,0.21110383945418656,-0.5654061216589743,-0.20782993931316854,1.2968626362157811,0.7801684498479459,0.3947942740588431,0.3495940499845101,0.4886017962739382,0.12892015856683503,-1.0793249143245083,-0.5732205091743047,-0.2080309280302919,-0.1655401331214435,0.365711340364409,-1.2219143814339404,0.566262671196893,0.8003338605799533,1.5434638708160806,1.9648648451220403,-0.30272441922733667,0.6653180054810053,0.5709328773234607,1.7640826430348095,0.15307923420856445,-0.14420439629938947,0.8580727591044279,0.14643764318685526,-0.874276178243723,-2.521954647179847,0.7198923197950813,-0.8151251315475664,-1.9473407061732901,0.03648049660239018,1.182932985314321,0.6666984584283714,-0.31643198428578334,1.6684032204470003,1.1229693407190948,1.7089308511981613,-0.3980512416555475,0.2621919211612652,1.0454257182161972,-0.7315695366713035,0.5478159535442912,-0.2057083869758305,-0.1638072938410781,0.48051978556140795,1.4410271211072214,-0.6203440356454594,2.3228540189768228,1.4424347055033107,1.0456837618096682,-0.9988147716499483,1.115609179667502,-1.2263545963337357,-0.9667148960822084,-0.3166911872081063,0.13938474496091033,-0.020731095643347654,-0.25490575444077085,1.1050131595464499,0.27157943991609834,0.008747495161401903,-0.9741490442611186,-1.3774787521354455,-0.40525007515717215,-0.8093803146432738,0.9497846959770185,0.4064035709474123,2.5046895803820552,-1.3932384676006486,1.1678169576127817,2.2061474786522433,1.968919854365055,-0.13508176562522464,-0.11029061693104097,0.4900795822494601,0.9491268079256168,-0.31102665876987323,-0.9501276547836254,-0.40926207566873474,-0.4617302279580879,-0.029918552690766993,0.5316039780010153,-0.3257826145470176,0.4612295826793603,1.2963062324866192,-0.22328833609737384,-1.3545559346068945,2.699749104418892,-0.822339604325763,0.1844626391841112,1.7107754352220816,0.0010803284110237666,-0.828210232551112,0.5878409741566547,0.7022948877110683,-0.363649086970233,1.516910502187829,-0.464086537720821,-0.3279753687725208,1.7670712312185552,0.3061668503587924,0.9427238574999743,-0.16234914146725987,-1.173780392496838,0.5405986479839238,0.6480228291350782,-0.5429769291877425,-0.7680507492662467,-0.7029822917744729,-0.4928375164652314,-0.9917392318989652,-1.7312326747887015,-1.3871036128515724,-0.7041893520908464,-0.823771804258945,-0.03306753366662612,1.4014298231049387,-0.2687553171830277,-0.47340568964796303,0.8505425460901657,0.1482950583029621,-0.17500651552321403,-0.5737279841332618,0.6431658563073211,-0.24121311438597642,0.5237495616376315,1.347062803443276
