0.24861179468977107,-0.18961602411560255,-0.559775020002873,0.639725722211634,-0.7880266535323289,0.6098393701761624,0.48085991925414756,0.6705603129956246,-2.679642984563862,-0.49342700266644773,-1.1814618509817747,0.05698525684415284,-1.2505477747772957,1.275494421976003,0.024472843179458303,-0.45357358269354514,-0.6848664218091156,0.549302208561315,-0.30031060350006233,0.5842290335975184,-0.29886529011194995,0.19497356446192007,0.04366524575713124,-0.4361793958480727,0.7428784589880331,1.3072000137272788,-0.4200968225327105,-1.0911198777927165,-0.32481442143134226,0.6657814226776173,0.5808343218450117,0.06411589553749883,0.5222332639687097,0.9304460978607968,1.0875363518313883,-0.6079418044702259,0.513923477717866,0.6835776805758819,1.0417791180280078,-1.4874785557994494,-0.8897350358905101,0.008102522738848417,0.7066941501166687,2.7100863588163397,0.42718346515034905,0.5850133253654165,1.012566461414114,0.009802231737932727,1.8034462819240447,0.6757901744186837,1.233144896570118,0.21350421327381708,-0.6331565361928324,0.8449059350170386,0.5114254887083107,0.5290523979186371,-0.7840195329171389,-0.5747584193673447,0.2930670773669816,1.0817745802774446,-0.8645158043814333,0.5241746000257789,1.391396011946375,-0.32679749448109335,0.2269341877952692,-0.8204416730031628,0.09484166405902329,-2.156357118127832,1.7275651086748431,1.3450322514215935,-0.17448748304480496,-0.23563017201637718,-1.3382408939254302,-1.6160550243148877,1.6442854356446128,0.22939810978539785,-0.6433182182519733,-0.9448605495897163,-1.720907863457258,0.2928632431467964,-0.013218272435001243,-0.27647898598503723,1.0888822356240297,1.883538297185666,0.2859862546722836,0.7014553334238959,-1.9103440831190168,0.9977765932535867,-0.6843057090539957,-0.9617385686879205,0.807748424117757,-2.4330684979637627,-1.2799666194443478,1.3861865864178495,0.08048887847494482,-1.061786473320427,1.4513012684931954,1.5150647373500628,1.4796057053278833,-0.06411123753610673,0.3362734890599727,0.3233540006159505,-0.6407147627879126,0.3304144718932945,-0.5034277078889193,-0.631686814087788,-0.4560608180814655,-0.553417261168154,-0.37442220686292726,-0.32806306445920486,1.0403142836880444,-0.4492490253263638,-1.4321828909482437,-1.682402459306359,-0.4031790347483095,-0.6230173371183029,-0.2712406916473185,1.3495453637462145,-0.2506230923852014,0.0525131700285967,0.5661315449880135,0.9330495665870928,0.4684426770404375,0.3482191887656715,-1.1467094418803372,-0.05561585467411494,0.6177924482779477,1.0584825762597907,-0.8961291088292302,1.3523943922742803,0.6681891224317822,0.407636382880746,1.7860300687703081,1.5401113441126317,-1.3950771878536448,0.08898115892697633,-3.175550975186625,-1.138347272231275,-0.5835631583802284,-0.39278049382081753,-0.8902110375437488,0.6501161254934503,0.9591407563952503,-2.0459621091995768,0.47164645319849624,-0.09650280313330291,-0.05679861518117733,0.293096896236617,1.3971056133583466,1.8925271474805108,-0.3318581033184924,0.22897952078675404,0.14507186206535228,-0.36537289046696836,0.04837922763261115,-0.9625196217122786,1.3355928977879243,-1.0504216718185129,-0.0008971160430465516,0.08476437298347132,0.9376523793474805,1.552304986939142,1.4434269143911922,0.25093462658341087,0.5440192152106847,-1.606488354787418,0.6050542611207421,0.44257843259394664,-0.03311550196260649,-0.17038249648845305,-0.7557323039631019,0.6798820748085077,3.072416707372847,0.37877961592608567,-1.1942997921288703,-0.12407816528445799,-0.6530325259453329,-0.1455086017478104,0.14877123868003048,-0.9493486470017126,-1.059465768257131,0.6497547063839565,1.0727122061633425,1.0444471802346729,-0.7158264925717415,-0.16188452221395053,-0.7958088075314048,0.7343489345564463,-2.180087898014062,-0.4950043553045159,0.365411071176619,-0.12146270289793355,0.11428606423383125,-0.25507087240288534,0.5357372653799886,0.1402137004993671,1.064381763578749,-1.7693786555449633
1.1275132428752372,1.4401194094075482,-0.06258852614687903,-0.34109516296447795,-0.13256706061260695,-0.011291971193415433,-0.7579302336475965,0.23303552181084236,0.47015682356311933,-0.9094170412997205,-0.6670501030478265,-0.846760058369651,-2.1531293750725755,0.7092484755514553,0.5763217349127483,-1.8405850146004268,0.8834015036117854,-0.015208405862735603,2.8323083164877776,-2.3262148121873043,-0.44649614049571257,0.2773088157153503,-0.6878210947891821,-1.1947785389907721,1.1811423084886503,1.5645589650214022,-1.7313812086249096,0.795277740913526,1.0009260291408508,1.0242366487940837,-1.6427025900429715,-0.31892911699022514,0.9882966575603804,0.2241625333338176,0.3517215195556433,1.0771428512818721,-0.5139800826415337,-0.19519512331374073,0.0787128345985728,-1.22108369120919,1.6377109166211692,0.7566837626840983,-0.5912146206676451,-0.4405754563584084,-1.4916404881592629,1.1606831463078982,-0.3682643166815763,-0.19467022775639967,-1.4300348283526074,1.3618109051521827,0.32048235920222573,1.6252421798364987,0.7432029582616965,-1.6458922657039232,0.8694151850403053,-0.9220700290519459,-1.0667068418776473,0.5045565813746193,-0.2267287421873886,1.271994637243171,-0.8620149821642147,-1.7845185269666715,1.2487080764145384,0.2199438659336493,-0.588773088283508,1.5167788622514855,-1.3863592303670986,-1.5596907738928205,-0.4327839809601231,0.14559449086173465,0.5648298212708482,-0.03211722857510168,-1.4826610099315827,-0.24661317952736514,1.0086800805899503,-1.659645606273912,-0.48933043310086355,-1.1935710751639352,-2.3274743416148707,0.7949343296294122,0.5499451358789391,-1.1292486111174,-0.04165694745300368,0.24400767265930556,-0.14988116432981544,-0.31302591384808526,-0.43715853659018356,0.014231009303937281,1.6256140394273213,0.7372958452809605,-0.06178938679374826,-0.8685007344883361,0.11563983955644234,-0.19965201181669015,-2.2350742124747534,-0.41124074579632464,-0.885263360685594,-1.3513333696313963,-1.1757989162919051,-0.16305810970353551,1.1754190595323573,0.3359523711148731,-1.645344226779486,-0.7784862448835581,3.1561606544531435,-0.9194639762453315,1.5317357189376644,-0.8618985522154001,0.41427712999702077,-0.8988783550230807,-1.5666687977856435,-0.3957161655315629,-1.5024832427399522,0.44190491706174906,0.045772361315066123,0.6246535380682884,-0.484120884570601,-0.16994282272948455,0.04626897448153551,0.9707295162979581,-0.9016597540293044,1.0108051821290527,0.6234635236770474,1.1502579352402897,1.314053916024595,-0.1264980325296007,0.5189927455200575,0.5794960925727011,-0.330692875048595,0.8553459910980921,0.3413828430700171,1.855818882547938,0.39298195908040506,-1.6134181212241623,-0.998041849361439,-1.5397853186821142,-1.1408215137769315,1.1276964050012825,-1.6791543828789532,0.5057497724489843,0.4439275959573233,-0.7417424040594254,1.3194513682610383,0.061224762625061914,-0.4601988995393267,1.3921335590533004,-0.1803368710729316,1.0104578513930584,0.7314000481144267,-0.6979731857995698,0.0028228861880408708,-1.179451434053834,1.2715243597153536,0.029904940243499142,0.6433698421854365,1.2552316255740132,0.999212064198982,-0.06750723916273213,-1.503653481045616,0.3206989900512214,-0.34736735916257183,-0.11000875457683311,0.3274644474854605,-3.326455593933767,-1.601365781404244,-2.1942120792878006,-0.6830377798172752,-0.5550865506951523,-1.3938553516504046,-0.020205460832108644,0.010471573732357492,0.008108427028723652,0.9415618118866945,-0.9903643945407644,-1.8953113720228318,-0.4740535855252082,-0.16601312867323653,-0.7685852576773758,0.3120332029631006,-0.5411601180358491,-0.3329678746025834,1.1989392769885854,2.5067287109104863,0.2649586271727395,-0.10052545429104699,-0.01616681972950485,0.14388839802231995,-0.9558917037350237,-0.27220380655675025,0.9437339006580585,0.10253251797495282,-1.6556599582532283,0.8682671163739487,2.00778665198235,0.8302517222101727,-0.36058577601549546,-0.5863785683719385,-0.48731909291868125
-0.5741595572903808,0.1274397818348245,-1.2337686830953143,-0.6437972905712058,0.8416084233457225,-0.39848127535565636,-1.5154088293376453,-0.16699921254122999,1.3707572726162758,1.4353006418329997,-0.5137821954357905,0.850845281147323,0.9429688440382462,2.982343223491045,0.25420343496227293,-0.06769439099219579,0.7429930772441656,0.5101067572877234,0.12546570981971963,-0.1652823721988936,0.1309171779170347,-0.7993875364483906,0.4817931134205156,0.39189851488909466,-0.8642292065345167,0.4907889916631892,-0.3678976001347958,-0.5372061422032791,0.8720977418815207,0.22681010388480907,1.107237713212139,0.9597327058326336,-0.33994830982778085,1.9128201774361429,-0.6106502303770367,0.9728446352006782,-2.1135990856526976,0.5530921910257155,0.18036281991622982,-0.9138560642754999,1.8742148971478503,-0.20146371318827713,-1.3094105071840783,-0.6718076144294722,-1.0279560650821684,-0.8391198650551033,-0.3419312199511685,0.5968176388630307,-0.47383958473754567,0.6188117751169929,1.0755228518036428,0.4943517828101732,0.2321946837536859,0.4032865211729211,1.2695867811407158,-2.113481489191895,-0.7809210769744063,1.2490224949858182,0.35040958671799644,0.8876467912848625,-0.2710385616985625,0.0076494915784276266,-1.3255711869225526,-1.5301662195028294,0.41266689575439175,-0.5769988947094687,1.6185538235699568,-0.07686349120689015,-0.9001529259857337,-0.32772866550059654,-0.01496311015414397,-1.2428657454294347,0.056893875040390285,1.5142313696136018,0.9588777773839663,2.309718432314863,0.3458241472602964,0.6770836324084482,-1.4597262252529608,-0.7640254247471586,0.22089362540585264,-1.615045250641474,-0.8266708525580445,1.2093510472054039,-3.322342839206667,-0.390994397742409,-0.43177183349565845,0.06648517412487658,0.9433225091007316,-1.208974177865394,0.14179276962000403,-1.9271632205108242,-1.4363976950766943,1.2466770210482896,1.8292511558352993,0.3757561832419783,1.4715152543610035,-1.1179038896951756,0.07050491411126103,-1.0802291706280216,0.12479604715465421,-1.122725493750975,1.3282376579130466,-0.1694876949342745,-0.0376463306937078,0.47116447970918984,-0.29794456088934496,0.5210351771148944,0.47459152004909827,0.4408559232303286,1.0278658125389577,0.545652859439418,-0.5653429363793565,-0.38211169175315446,0.31469959740156694,-0.13805923885967397,0.025107099035734447,0.07054729399728886,-0.3957464255288227,-0.7313620563904809,-1.0834617931127277,-0.22312344100800624,-1.0569237211499007,-1.0273888092421621,-0.686857873761058,-0.12020915429679462,-0.9379952536946795,-0.3063138413010887,0.62059433469916,-0.0848454426643162,-0.4102298848797242,-0.46238285664586687,-0.7931440628185084,-0.28825588373545974,1.3801294268598692,0.08765815297270466,0.9549228095686231,0.4137056126297469,1.4918564870983653,0.34764116231603737,-0.9320866961279085,-0.5766152716450142,-0.31343137888889105,-1.2148540183734864,-0.15491484403170128,-0.448004070218707,0.2945230982663611,-0.5689569342483102,2.0455807645676787,0.39371682853235274,-0.46290296079056975,-0.16501136106619443,0.7777282785380193,1.6144491790761144,-1.167646895223744,1.1419409390682436,-0.712785938942945,-0.20939883759669475,-0.43627647718626017,2.203928474619919,0.26410105181787563,-0.8233835536242174,0.41312947121690763,0.44122445920944625,0.5860723355279649,-0.1793039288288764,-0.3489568435833278,-0.1776205273672212,0.22191880128264782,0.49064582623904185,-1.5367336706314065,-0.5437036017040465,-0.7435440954775487,0.37766929726681564,-0.10211991275680767,1.0623145026787917,-0.9002506932505047,-1.5069748680472916,-0.01597432755931196,-0.5569209514649771,-1.2925702794515064,-0.5312674449037356,0.09732981715254632,-0.2561682595464844,1.724993377907511,-0.7111332964131519,0.5666099271030393,1.5148646415221863,-0.6910424176732738,0.6366481386844285,-1.1986793132660556,-1.293749320665343,-0.9983390385976287,-0.0025041962624478536,-0.40606999459024384,0.7294423195405181,0.601371704144324,0.5149987912043774
-0.10532768660073744,0.3058061494181356,0.2502024933208292,-1.0602387897355683,0.8976386965894384,-1.3516499497934062,-1.3804276529208395,-1.4608795439395712,-0.5393246915837108,-0.9501467212817877,0.20795438717828882,-1.4261518075618993,-0.37767515399898827,-0.2518293837581065,-0.3957968860550254,-1.0051314006370025,-1.3004258520552638,0.8605069399894401,0.7602813972147735,-0.3955397922174903,-0.3895908534383738,1.007084554778953,-0.08480703966176144,-0.08651797839407159,-0.019397588034680828,-1.5891756250413167,-0.04165354337757851,0.26020402956466404,-1.112307194678063,1.4890725439423453,0.5384143031499521,0.5087088337768141,-1.0218583520260496,0.39867168144693144,0.6501013882547884,-0.029190876153644508,1.011508609611729,-0.5380852536686123,-0.47624732311059625,1.6432259861652272,-1.4130679432851383,-0.4067916351180592,0.8180045675619847,-0.6483278066864777,1.5711516102880818,-2.3344464534060854,0.6385701402258028,0.9549700996485565,-1.4677551324930518,-1.560202180641189,1.0736415746546404,-0.4392723183893134,1.4439413137308823,0.27891669703812955,-0.47041606963898785,-0.5157734582248068,-0.11897844961055008,-1.113431514875427,-0.19485937185328658,0.21745072766723253,-1.2640845955570816,-0.053137910015093145,0.4285897760931385,0.5726558100312035,1.1454656891327213,1.1637673810976115,0.3328526082954823,-0.1253121749227158,-0.5040860921002234,1.1336830491205554,-1.2069224656077397,-1.3616677673549071,0.4430347053912184,-0.19773976014632713,-0.1117324078156668,1.4188118885270407,0.0014048430383655176,1.906922466942706,-0.422761144739589,0.1739161642851673,-1.0263042700938334,1.2202572804721423,1.0226774608621907,0.8260372911328225,-0.3036958745868628,1.4932145332663374,-1.0644791849968094,0.8573989479688681,-0.27805592841302157,0.9333493467549449,0.531629210142485,0.6963090442888061,0.758731874044788,-0.24171422051620525,0.2208944607597641,-0.4454959290220304,-0.017301031059047185,-1.0317206412429845,0.4481952329299279,-0.6690506479827244,0.7256369767421256,-0.6442408586479216,-0.29578932696488763,-2.1448100987447916,-0.7565493519932167,-0.5406475669985775,-0.17719783280327195,2.1722167286398877,0.24783054406803814,0.02067131002533814,0.44465692581773936,-1.0159223021947668,0.16191079052819912,-0.11619665694675162,1.4413630309958496,-2.1178836607986486,0.2430923858052452,-0.9252270056590757,-0.5869758838859931,0.9395196860288617,0.32031547454370196,0.2677201176461585,-0.4063871670823782,0.5339325877252865,-0.02418281264185114,2.2968284438037223,0.26740795397305744,0.3678518237422456,1.0140160703556038,-1.5599713323490008,-1.0251996496284517,1.0761891493495066,1.2884456501304973,-0.35384912185281747,-0.9946349916055949,-2.8338548514817674,-0.028249364855588727,1.2120772950136574,1.1620675570627883,-0.8271777728091717,0.2820507256493345,-0.08592049747748871,0.16904912039485634,0.5547801141403843,0.21292990843392395,-0.6420106578256196,-0.6526401682719948,-1.2811391117666533,1.4815738058344494,-0.36467938905805436,0.7521280996118183,0.31282545727886996,0.17603010230701238,-0.27640031018380157,0.31047271291091544,-0.6626538306907792,-1.8053890447619432,-2.0897273181835208,0.45830494759603696,0.4395798063465498,0.4602865512875518,-0.9138199043698904,-0.07486083480833362,-1.6904538675782854,0.7920287819441464,-1.519597228526727,-2.017602549462028,-0.010267977631935151,-0.08808146574279477,-0.3640317264799291,0.47244671150749185,0.4992283660622604,-0.17555572575088788,-0.08103509893153141,-0.8369848668983219,-0.955599519764988,-1.7012879717088871,0.8451551349815044,1.0547643902399568,-0.24903777697879792,0.40376473148436315,0.23004640242009783,0.6847412710550171,-1.545375495686627,-0.017446402067594638,-0.4416298445205431,0.12278563671721876,1.959410633540652,-0.9708464814821823,1.362462077074602,-0.4367539825826086,1.7407375737200674,-1.81547416651447,0.5931539922156924,0.23581293144899793,0.5890618501174589,-0.8502868742800657,2.03411714747933
0.056403986420451656,-0.932713320349375,0.6541497845676281,0.2430280479732876,-0.5987418776362644,-2.006540246158524,0.8329258514160988,-0.6944828861329007,-0.8873526293738165,0.05341520146573234,1.8536006163516296,-0.6612898524657284,0.7976544239740144,0.641711733833967,-0.03992913385102884,0.2434375929314683,0.008616291312619139,-1.4101696278187523,-0.6603356236253287,-0.3064632512644042,0.7339540543310872,0.5107284957346054,-0.19714876198741502,1.3361226754879378,-0.43655782734100207,1.8242749718995257,-0.028651802956311395,1.2468809639701515,0.041395060593834486,-0.34629593889964594,-0.5068601388492233,-1.4992237208001773,-1.129745922541078,-0.11019065102914112,0.7812700066676292,-0.6737769193561364,-0.6092190104703237,-0.5739937349667367,0.9093293717395082,0.3263722143873003,1.2054106192762306,0.13062193300684147,-0.6235555967126737,-1.443820420691867,-0.567209459341169,3.021818231199741,0.3177788529995574,-0.8935544410051597,-0.050317207324108486,-0.9211718028919315,0.23384013235837212,0.7800764214175084,1.2223639686390069,1.179461304930959,2.326187451169603,0.7691526118274172,0.10212512871092491,-0.8757423129979734,-0.4845481236806746,-0.18837715489677245,1.4233498056910696,-1.3329782091321214,0.994787640058541,1.5401379243634399,-1.5740561903753492,0.1342947916053163,-1.8217998061607836,-1.1585608325161476,-0.28828391346092447,0.9338665084554694,-0.6152661816872719,-1.9891375401183622,0.9281745938931719,0.08042327794589443,-0.7079070590482601,0.3507360465340883,1.2522837688612836,-1.9842687737267017,-0.6310042328090154,0.32439572840717146,-0.78168948272716,-0.11868401498606043,0.3558531731338053,-0.1493510998227695,0.20843342960893213,1.5703381295322991,0.9382935381714443,2.0705259095688606,-0.9318374331632946,-1.0849904448059047,-0.03279139938168507,0.5307690067437976,0.18935670098950422,-0.3325963325844164,1.06510089473389,0.08084325863832681,0.22125487179979364,0.3916443057639981,1.194801550652894,-0.38946437745808926,2.7077513489897234,1.2881163321108966,1.4314471964297897,-0.4368583025048442,0.7131846637572927,0.4383996370892436,-0.043364506378557446,-0.8944659055799904,-1.4029052568368494,-1.2488056072877816,-0.33065404914262425,-1.8211379759663335,1.0118810583191435,1.5031171739733662,0.17052820879288658,1.6834428880448715,0.8810159958660263,0.809234539008215,-1.945996050991281,-0.24877619040307095,0.8865729402583898,0.18256397631931953,-1.352114941996075,-1.8339807133594752,-0.8534834911739602,-0.46378102450127406,-0.2424664903467151,0.7479461908778742,-0.4205713430596784,-1.013691029866676,1.1371038566030642,0.30867428672985675,2.181723172441252,0.12948278167484698,-0.41344018421712236,-0.49926029115688214,-0.5353551390143653,0.1678125597102923,-0.7122358966154178,-0.18741076877884477,1.3122728030480861,1.1023193381313108,-2.5933958846297163,1.4681466786648933,-0.9950091326685314,0.5017441634248574,1.1815191758890997,-0.7264521325789592,2.0908820626105378,-0.08136432526230618,1.5274028567857993,-0.09547566722392878,-1.6833814845370145,0.6967728463687324,1.2284823579734911,0.7582539638871698,0.7636717552838923,-1.0215581518898431,-1.3975500742688334,1.795163513269079,-1.3147426345493212,-0.1545459036628972,-0.33414752355082616,-0.4979528989149755,0.44774930114569855,-0.4752565802096173,0.11368342948768503,0.4076666112433662,-1.443696086046374,-0.8763211706593141,-2.083215069214603,-1.165054147459217,-0.06853659399774256,-0.10706115128084638,0.26575377637056785,-0.30363340856310206,-0.02600205241525718,0.8213476383508045,0.11951142212719125,-0.26389190770041154,-0.049771410696458254,0.7812272663152705,-0.5240818668140589,-0.06704259191051634,0.7068435413036855,0.994803620852965,-1.973431324853985,-0.5912412336501198,-0.04161640936479324,-0.8311849780433899,-0.08457329736205281,-0.36766362863748775,0.3987899665738047,-3.0176352126885937,0.98022412428774,0.36534494577809506,-0.6936482603483922,-0.6022311976303657
-0.08876636493916036,1.2872201149644344,0.8721590400412946,-0.44259225009785824,-1.2186622366028923,-0.9636919145035017,0.6128520053131992,-0.2971748341127196,1.7574740571882221,0.2889799466829959,0.12127835204310915,-0.1706538839915199,2.1009086148931044,0.0125773605833903,0.38706131700761204,-1.1325631449613003,0.5640040919818564,0.891766707806154,-2.4876419811704396,0.4334573447395627,1.2669585803933987,-0.2101613259031619,-1.2893610368161277,-2.500398370149286,-0.4083605406351524,-0.933015103062594,1.31335715519916,0.16225306257870947,0.7602213379977686,0.0858898897488031,-0.8576390535404798,0.2920696704431565,-0.17786257883893905,-1.0046820026988934,-1.1130749339426869,1.111902092185117,0.214775073644615,0.1643098196505437,0.6877066141894667,0.056784195707178305,0.04279562530580075,0.31280760363418647,-0.6089427492518587,0.7093699162247779,1.7718356359173624,-0.16306068359642653,0.40333407406715593,0.12592479860439723,-0.10512837214324547,-1.9755022142523795,0.8626914401157803,-0.5144518901632466,-0.4750393088256107,0.8674999219314484,0.0014897643960237144,0.9901117831061018,1.4972972171514687,0.8596111685665763,0.36727798531784134,-0.6204615825499549,0.48517425312081436,0.3711927426482112,0.34859100496301204,-1.5902501773122883,-0.3027140896804812,-1.0179557746324917,2.3443509870157935,0.342224165048604,0.5242810945264916,-0.454009945895949,-0.8830666583287717,1.2911818213571786,-1.2485299652615605,0.5247513818324366,0.38946818683343226,0.04888592913682731,0.37717270763674626,-2.9638331623086405,1.1492130275505612,-0.6588895297224973,2.265693829862816,-0.7794758124905647,-1.306487497313696,0.2802387907670789,-1.5039869026796426,0.3903267735565312,2.3392037624560227,-0.5344568584657012,-0.011506648677670426,0.06957649894467914,1.3520730941126207,1.4382417195901351,2.955063027029727,0.8513494701757315,-1.5003184182304719,-0.05526449885020329,-2.15529263196138,-0.6589629636381007,-0.5256927068702887,1.9185696065230906,1.3409425019950052,-0.8875963109369496,-0.32988705573755084,1.7865338568602467,0.7145811307713917,1.1041120540856821,-0.7667400962257716,0.7370856246292046,0.5327223161243636,-0.6982778884552834,1.35247928747961,-0.11291819006825828,0.8979832217508346,0.9581604144069287,0.6755841418631524,0.7960156640700748,0.5646980599937859,-0.26294646847625125,-2.042810494713826,0.5066081696284963,-1.0151088959329968,-0.1198341522044285,0.6690579680697075,-0.4823668530558206,-0.7980795016983636,0.07812472920590262,-0.41637015298397495,1.1722096734034275,-0.1634485830258406,0.8356078712461978,0.20374590105721654,0.6513730144339066,0.3765251204612068,-0.3219598156317571,-1.6580749165605115,-2.0761051599988956,0.673772666176195,-0.16377738715954657,1.3562664800322672,-0.018558845846732796,1.661702587520105,1.1124518152179097,0.6712466396590772,2.2973025261617637,0.6675888385244003,0.7267469521572281,0.9691333124761171,0.42815839829725055,1.1241270319747825,1.0557053958421876,0.10980949252226316,0.7045991069260396,0.5951451050729354,0.9441890633874334,-0.0017286171984852968,1.724138486390699,0.9725806668529411,0.7728061647979679,0.9770600385423788,-0.5533072835037124,0.4635865404007305,2.8291765181495823,0.4017803373520605,-1.6347406874621038,-0.770679390294821,0.25243643276658123,-0.09810672448469192,0.6133575738811494,1.6631986538577879,-0.7335279990781229,-0.6616474579240441,-0.21144883510710819,-0.6015180791381634,0.6093356302675756,1.4395693616186445,1.469992804115597,-0.21323507684524026,-1.3018339721844834,0.8539210556536239,2.946301721412767,0.12188049074124602,1.0187002702436494,-0.165786349624136,-1.2523929619834835,-0.4385739707537159,1.8390850434647263,-0.8311092292046282,0.564103618040415,-0.7291967507431794,-0.3246602539142277,0.7325285615817082,0.6636847586949258,-0.37895369704337645,-0.20714459574489552,-1.2133476702062893,-0.2544976375091594,0.3990747693972863,0.9870081995660516
-0.44760308309920205,0.17210916615667757,-0.7873844821618342,0.9838365588767853,1.5581093748154118,-2.375411452556663,-0.8467388797079787,-1.766412522132946,-0.3914220859650097,0.7335094171578074,-0.13910869323008668,-1.0401776015915023,-1.0999879865756905,0.13509550445942442,0.46924752714955903,0.09159991713750724,-0.47226926356828436,-1.7007740752858365,-0.7201841543409072,0.22077919466592733,-1.569025336906162,-0.29117886957888695,0.26021920161275836,-0.1559515993772512,1.2192898897369848,0.8174473737036824,-0.3594445418306968,-1.6411690754196937,-0.18400454048774906,0.44464719851006695,-0.8871616502557466,0.0976857955108827,0.3787188270919503,-1.3976257000513423,0.8606875839542308,-0.345649894632398,-0.578473784571808,-2.3270626236680356,0.21468806835341397,-0.05269725421047574,0.35755682193254723,-0.8290544849210043,-0.34008755850982275,-0.8287740747030198,1.4466333260089832,1.4343546242441785,-1.2325793399903098,-0.745065533731442,-0.8347585458689738,0.26147292159973884,0.7215129724245418,1.728893387890587,-0.5258785787192081,-1.6350970362654225,-0.9095761241741834,2.479020187709028,-0.2945753987356795,2.1303616644300036,0.7853818714923585,0.4341872882292992,0.20198030598862257,-0.5482656536698665,-0.5703333394446279,-0.2038489787164478,0.8653532651061778,1.2047705051304198,-1.0814470206147273,-1.8859797523560424,1.155228602714258,0.4211939012667046,-1.4189512876280295,0.7510742013096473,1.4729943321326453,1.811498789339166,-0.6776670667831148,-0.27436008001155837,0.04043384937404388,-0.8130669551364368,1.5335269560380536,0.9963619756370733,-0.7026122306472685,-1.0006068929285383,-0.8152703736347409,-0.9489492321524275,0.7105679487204438,-0.7869425190610209,-0.5230612046000169,-0.10593279693506523,0.9339459682531387,0.27837709783797315,-0.27292953032321204,-0.10792155066707125,0.748985211577952,-0.69445593330883,0.3389554408205091,-0.6553057005108905,-1.0346969391882568,0.27934686061957126,-0.7900276892572,0.5654823311359616,-1.0999621025994755,1.3480372453779683,0.2442813621349688,-0.5885721750613653,-0.3676986080190879,0.12365656673586888,-0.26208776461906974,-0.3919343405977,-0.40783408108498564,1.4638176506561698,-0.36979431599168755,-0.34237430567526034,0.27074806027571685,0.7797481798207502,-0.025938419276537724,-0.25506633218935504,-0.08935987004378057,0.2102513197930047,1.0542898373067107,-0.558326996689022,-0.14614856367485557,-0.7195360459136649,-2.1450518436732224,-0.9697505036717113,0.13924429986337772,-1.8137360748742926,-0.4615226446167778,-0.07504968768323136,0.5327992225516526,-1.0586809872278642,-0.3696079816255636,-0.7039400098780446,0.9282281293535708,0.8773359623962996,-1.5167218602629706,0.5457712742067244,1.519271114317945,-1.4048769807858026,-0.05592383519143175,0.1334729856647,0.04132185211798875,1.6637388937908797,-0.8931326365649597,-1.707267368964447,-0.4048287442211401,1.628822985853841,0.7872854968975085,0.1910700850013366,-0.08132793039305312,0.6065977438581328,0.09510678585176197,1.1964131354521517,-0.7243585040257036,-1.3241626949052436,0.8935715787891011,-1.1454077394003883,-1.0988681807990015,-0.9454889592519244,0.7271659057987243,-0.5593975448296445,0.11235332321852833,-1.145242841282136,-1.2888913370435535,-1.0173493907176818,-0.0704694457489326,0.5940823345883112,-1.7601034670650555,-0.6016311252295287,0.5795413086639783,-1.8308115877483466,1.098887775274869,0.20924289688086017,1.2267572253309866,-0.7770264540023155,-0.6492096380675599,-1.5629687262816312,-0.5283498813192119,0.9760614175827779,-0.461657893704888,0.4322266369703994,0.278952458692102,1.397511821505743,-0.6927778001710588,0.12642646128924287,1.25479074310013,1.0272377450089956,-0.9117067220766272,0.465242072649534,-2.0329388670622763,-0.37633432501106545,-0.5188233948204283,-2.1623075903043603,-0.24489669223199917,-0.0061953662612618384,-0.9366179167229028,-0.5935540073152674,1.9699573511420034,-1.1049255992515254
0.6001651516162307,-0.7058186342257072,-1.1617202733094096,1.603290476537672,0.8202610601317017,-2.2232481121371417,0.3552086827541038,0.3182576072590278,0.925202337764821,-0.13039043322504315,-0.6619881681774176,-1.364179705731016,-1.693073914093548,-0.3218742766490911,0.0806446767066385,0.5206376306201851,0.425599449071784,-0.6859570494867209,-0.12062838939188213,-0.6699983523336116,0.5683795309681972,1.3825404955476466,0.9302291627347559,-0.40102717457779774,0.3611764104104544,-1.093898035432737,-0.43095609473810625,-1.4027674172781845,-1.1759598635950643,0.48978512322186774,0.45730382376341633,0.7753228944211977,0.7688886692945461,0.7523182284671277,-0.8980855124560552,0.18812378905524343,0.07204879490312645,0.9824832201686571,-0.9613510101103782,1.3763518456748571,1.1298308233806926,0.628650698515038,0.686368578554928,1.4101607900535766,1.8000789103577828,-0.9518020728331911,0.07100709134243927,0.29361842535809185,-0.07349288190795611,0.46929983278815196,1.406561293068781,1.545205451044964,0.6097964427592878,-0.16884821365726946,-0.10069989872529499,1.740374036446887,2.200747352627987,-0.30677705003759986,-1.50482409744071,0.47394441448059776,-0.6780396057152605,0.3249465560303954,1.006994150706081,-0.3378865069779151,-0.4388302197664486,-0.7970732575294208,-1.4310249913889557,0.6826540182821549,0.8904042217842528,-0.9154259819839525,0.4942409144005781,-0.18462424987855616,-0.3604076952703788,1.0222993615388642,1.4114069751031493,0.7913983233122663,-1.4510897368919071,1.5782166237462254,1.436342451555282,-0.0626939347310934,0.505939182605636,1.5259369487259657,0.756948951310676,-0.5881202355962202,1.7315658413574817,-0.015312201607109291,-0.0014461329512185483,0.03543579446238527,-0.7640741448184581,-0.34981030166701843,-1.2186237286686994,-0.8885055261577045,1.5912010091220523,0.7426731529238335,0.8003835119444079,0.9393595253950078,1.0529020194163552,-0.47941920514284986,0.8817264000486738,-1.4694784043021283,1.3483780962121705,0.6211041344956345,-0.4250267936534039,1.5066864518118632,1.1986960113530187,-0.38372251217826314,0.875228172697613,0.9744038817808729,0.000520728188518993,-0.7134892142674256,0.06766340546089664,0.8526820692351185,-1.139373822359843,-0.6979686046282467,-0.7620643280182787,-0.27955927451558693,-0.15046651219977372,-1.4970133034006652,-0.3740111738577492,-0.6480308143534141,0.5414414081195403,0.995688941692932,0.38387348290302853,2.3488534605937366,1.2739971149894418,-0.09096473368267725,0.5141043927423917,0.08176149892507456,-0.680886164866417,-0.7229475205106138,0.7402655406377712,-0.01882462827748867,-1.02004131607128,0.10210695208970841,-0.07309818537565423,-0.4897586124748289,-0.35269012386415693,0.5034299299333754,1.3804327332348187,0.0630163523852456,0.11436302933383372,0.0024966712819463758,-0.14895358000922204,-0.14147803584290464,-0.7272826419508641,-2.0268385020911386,-0.7358996965684752,-0.8271253938317665,0.3944899275497399,1.3996651613942275,-1.4913273027008487,0.33217312575526026,0.8218392711811799,2.224933419474337,1.3161080241293202,-1.464490971002974,-0.44269829524891446,-0.143243431159676,-0.1176878737569361,-1.4923002000422974,-1.6996199247117991,-1.2011827028836923,0.0535658830900609,1.1512256914335537,-2.3264261729252653,0.5162920755605566,-1.6075935257500973,-0.2789809637505906,-0.8954136904275549,1.4808912920130994,-0.4417165346484423,0.47838942567393933,-0.957708912177581,0.17095804135015097,2.535000974329143,1.0256214484198967,0.7235904433607798,0.42561594992827656,0.14389309320077975,-1.6759511340311566,-0.9911107742465218,0.15172357622579052,0.6390657469894031,-0.0548919220107805,-0.45488165041270845,1.3764595855607904,-0.6859440023124908,0.48495759585263765,0.7830169436048647,0.328113849882093,-1.0296324867447366,-0.10729084907046578,1.6599185900194868,0.01980156585232385,2.0364867027219162,0.1960400683877495,-0.32718490788379334,0.13882333415049766
0.6993017075929052,-1.220917324921518,-0.6130860672327381,0.3501935029111673,0.7598923212709672,-1.1457054039387957,-0.8644814915154906,0.48796220370463106,-0.9324465586827594,0.6368439023752418,0.3130865205673149,-1.731440594239382,2.4578415777997598,1.3391793634520277,2.2754566147702926,-0.16008596478469386,-1.0161699505691997,0.05839597146329065,-0.5020558686200027,-1.6290856510620157,0.870513611012245,-0.7950418750362364,-1.7118410246997129,2.4706907539465077,1.9040286110947056,0.3601566670070737,-2.985350506039422,-1.229899379750766,-1.2801521214724534,-0.08698946138328927,0.32254682027760667,-0.44764090377991095,-0.008921619249218856,0.8202218680885528,0.07002920309767184,-0.9504833346269829,2.410020597294371,0.4229046425382534,0.7985066687842116,0.6957922378043764,0.019290438693780436,-0.5151451321575136,-0.6109717277684413,0.43932181556698213,1.1206633279586709,1.0634952812133387,0.5691247378656548,0.18001967258951956,0.5866239546611153,0.13567221184708816,0.0879418779872793,-0.8647960335949569,0.693181904046386,-0.8247101131091918,-1.1520669435361437,0.6167556248366198,0.6711242144959982,0.2707560491625118,1.2951150159821825,0.8637559056163419,-2.008407324261409,0.5160144104322747,-1.348658311466063,-2.0622028994929966,0.7963174526726924,-0.4691126417960105,-0.9034663087307632,-2.0656804997605,-1.3007853506324134,0.45869468008425507,1.7330315095130338,-2.154051522320729,0.8730586267538795,-0.5593078887028523,0.8671554350477558,-0.3942988189829728,-0.7654465592371252,-0.23963627217280864,-0.7771495036425498,0.29103073680508124,-0.3579644506180505,2.0704065214362544,-0.9188740532672905,-1.5986881075237502,0.8509030496923096,-0.2703274306712579,0.6547697232174826,-1.0378870874031862,0.04509736155118942,0.1630388696821179,0.24036715668827358,-1.304864601202545,-0.3119790157773553,0.6061897472908221,0.35471169337270303,0.053739604552662204,-0.7854601495187704,0.3017016228316922,1.1507503749532237,-0.8648368504136213,0.5562770857475438,1.0725058997446089,0.3986030605199274,-0.7187509608239099,0.26149110139835907,0.25128436898099654,0.248194970211761,-0.9166049360558777,0.4093314073249572,0.24968514193549085,0.9885267529380736,0.6510303657756522,-0.8518701647533038,-0.5993000161202554,-0.2276575030984437,1.6379166805200585,0.5508227716790569,0.985369590181427,0.3953016164221929,0.29577698334948344,-3.4885601776524133,0.052798899578967703,1.2747532999129025,-0.8343089612732059,-0.09538920768052447,-0.38250580589099287,0.8910666449673637,-0.2875456395744086,-1.0821695994926437,0.6481576748394644,-1.0582355448592675,-1.8475851361256983,1.5766344968801276,0.0981791249665264,1.344128780224874,-0.3211218422135457,0.3195902703893371,0.5985075540359963,0.23457480544774037,1.9339037061654671,1.6277030903332874,0.3719550569870651,0.19569097743737518,0.841202426672487,-0.7309996935531461,0.9556625561638183,-0.6006700442002141,0.692634898233427,0.43751985164651874,-0.06851891037989914,1.4967390375242091,-1.0665556634338462,2.060215559213374,1.1895285891783678,-0.603153911106964,-0.9263767294238973,0.09254119557613814,-1.4820400269994913,-1.3000010687931816,1.493185480955554,-0.3918067161484883,-0.7515453111199624,-0.8716944311507311,0.12182334278956301,1.4393119216119146,0.06892379046081963,0.1708303089968082,0.026158003760439173,1.3037727344119192,-1.1949272790222425,1.3481238751222393,0.17709382211306496,0.2644054833468044,0.6191196922741403,-0.7764835494865634,-0.946851025650358,0.3810130396952105,-0.5595074966419019,0.23301957979524146,1.1930575507906067,2.2386848498914826,-0.3641529511861543,0.01556320266636306,1.7352014944141188,0.9104281650853656,0.19060705659353572,1.5292734205228815,-0.6531541191065833,-1.6108437795911705,-1.8513572935549847,-2.070010490974031,0.14250806560194662,-1.0515913951645541,2.204822429420548,0.20240584902321776,0.9917762448703307,-1.7742450421381248,-1.8093392179648529
0.5492228564713443,0.4823701570003395,0.051072941651518634,-0.9412469255170902,-0.4059288159253491,-1.0663569228435719,-0.13416252328991865,-1.2182247232340346,0.16893613828550938,2.2310769440107783,2.4606098448107354,-0.713441392079029,-0.6642291019479348,-0.11255406906217456,-0.030446367032806985,-0.5282459570937749,-0.9420289762086312,-0.25788683608425034,-1.4222807930763182,-0.8239081808537797,0.6388813612282801,-0.17289376328817224,0.5663474338739158,-1.2129175280846192,-2.4995786448470487,-0.7452994285031802,-0.593965328455767,0.3635313686710071,0.543150994398838,-0.5246653320612296,0.5584549338952014,-0.017905510158138585,-0.22107062786208911,-0.18840823260457626,2.5242704563118474,-1.1819428232113574,-0.3244071696621299,-0.3353815096826078,-1.0971364399074433,0.16204482820346144,-0.8367019649141647,-0.24405216450575015,-0.5615131720675595,-2.028159536766525,-2.4372037269615343,1.2788156966077586,-0.767332555962921,-0.36312786536208874,0.8221579020632449,0.6375991274002412,-0.07449672039082073,1.5639004150618419,1.1507968292225605,-0.3626666544942424,-0.6381475954258302,-1.2478934082020614,-1.3146713042990978,1.0416373526221274,0.31328782623657686,0.2995023305845767,1.4255861768449631,-0.3164122523345608,-0.07475658106752062,0.6144153700409324,0.2591012348764389,0.3708268727212999,0.38652677414894754,-0.6773685172866568,1.0980114308644107,1.0053148140168788,-0.32332127118754156,-1.3578142093211851,-0.464674073893616,-0.06806904447766612,0.8522661043165085,0.8449351824040886,-1.1870383416370272,-0.26389353887744255,0.8821292724059377,0.8744712099693247,1.6402102383612005,-0.11795069017446334,1.1002799804405252,0.8504408115873787,-0.23428252671689176,0.2584476678496125,2.114401972879432,2.6134183371572,1.5815273371945988,-0.5837811239250689,-0.02380172257056094,-1.5463263293172373,-0.1672483834372898,1.2830942758326642,0.24786267376107424,0.055387894880051525,0.48501682684293757,1.8547267900237938,1.3517280001130838,-1.0011875734306699,-0.1850274828487574,-0.9662761807527922,0.07552056835130824,-0.26406655057053935,0.8202289148981721,0.8256842097892924,-0.9211913975258258,0.2259422420740512,-0.5373687989335344,0.47038342291077384,1.340793191857655,0.45470449877142083,0.9187262070928632,0.3673452470565017,-0.39515052015777236,-0.35847608764486155,0.18828517608888096,0.8097512727813475,-0.8097443375281492,1.4469181946890632,-0.5823612976097587,1.2728952577439756,0.13972707406389587,0.25206525322856854,0.010395709139722811,-1.7573447248171676,-0.6569980402669743,-0.9991290793444442,0.30704516579330576,0.45365061207368734,-1.6483017932443789,-0.07097162006768079,-0.23363226175837443,-0.18597957463889203,1.2181917308905004,0.7280062137889087,-0.6108494827091652,0.06300465562233774,0.0420784031342172,0.043115399056285156,2.331155863841702,0.7083751725900932,2.302119154289374,-0.8838356631468801,-0.5069466001442893,-1.007162483966946,0.019288749484547136,-1.7222684200278449,0.6696194973201182,1.0574995739989606,1.255199044032573,1.5252574435586395,1.363474048205979,1.0520059637555117,0.35247105556492325,1.1751888986017565,0.16837526775737982,-1.4416115656965411,-0.06435708101659753,0.5448791761244408,-0.3133474126109251,0.478175348019911,0.22403120540248966,-0.36575138531691,-0.44607048288346707,-0.6360537861796184,-0.08373786036929512,-0.2634414735925917,0.8578011547855812,0.36258951814085344,0.546358180283042,0.0648368433830728,1.1885841025152144,-0.042286789795458087,1.183058441770653,0.9918932395626495,-1.9874383608056063,0.8491414597127958,-0.3421198380989677,-0.9554223270468584,0.37976811976641284,1.4503583606216246,-1.77518564530863,0.2863630223565966,-0.7746425509636395,0.22912005858570508,0.6335335562345695,-0.13032225313429768,-1.7502436633648881,1.0310215175357038,-0.0690044929996272,0.3100255726467125,0.2160252326713604,-0.6844725578277521,0.05197140290348044,0.01711746429728585,-0.1005037181646722,-1.193264995575437
-0.7705783814255766,-0.6874427302808006,-2.284854907908159,0.14388491209878743,0.22486290533497721,0.899483987380223,-1.3857889503853171,-0.13198262599982466,-1.5767975773525276,1.7281775655384133,0.17054599687522295,1.0575397533905586,0.6623148139174692,-0.765568076056184,0.03944075382401573,0.8324337291293272,-0.24136897559380954,-0.4053551296213804,0.22905996299431183,0.5134571577698056,-0.25930050386903364,-0.5309665480638743,-0.3177256328769488,0.6699797340190612,0.5608892649046328,0.7947498930740613,-1.8467900187904283,-0.011958218834175818,0.7061087015799732,-1.983388361204602,0.745597701938791,0.4258898502359337,0.25568406652061604,0.7026586608432308,1.147259391346624,-0.18433245027313439,0.6681257711412042,-0.5326725129400331,-1.2510106054297494,-0.6966383508317892,-0.09172827354598458,-0.7350560364334332,0.09568037246751954,0.4357469077231011,-0.31177142579514644,0.2167639352037041,0.15579719364791783,0.66246729551313,0.4766416287237209,0.20094606450475777,-0.34244839503526914,-2.352836514078715,0.924109916787314,1.339722319135817,-2.4819393519266857,0.9075982389406007,-0.7007415606343038,-0.10562320339796644,0.5027320574816204,0.27780531814883713,-0.04990344151735286,0.4303234149150334,-0.9928680203420548,0.5222496644720028,-1.2890807182870543,0.9900279879681965,-1.186886832383082,-0.40696409669018724,0.7169097709782695,-1.5928221448245663,1.9435581780407374,2.055559664305445,0.2776434787467837,0.93645406122664,-1.4549693775343788,-1.3481701648832891,0.0039442454678234136,-1.0304585540775408,0.49552664414185305,-1.365505797250252,-0.04088163106119554,1.8657535924514028,0.5246729632924213,1.7840100766978801,-0.033687802135770425,-1.3938137269033726,-0.621597543427033,-0.4106981481809333,0.4162159682202441,-1.1812400963463703,-0.3131944708594987,-0.39940687540890446,0.46241668888070586,0.3824293788028723,-0.9528562172174173,-0.052290283696310454,0.8396835230749332,-0.16144347268511455,0.24749988972589063,-0.998375013189036,0.06929653016182677,0.2557024516458524,-0.08752221619781352,-0.13724978783143926,-0.741480056507332,0.5533262466770075,0.7283019837397148,2.5014515378113193,0.4686005896854981,0.4229989303874604,-0.05084823071634813,-0.8795623722760555,-2.166860849699705,-0.4178536745057005,-1.4329365157851408,0.07742559535074592,-0.15055236942965736,0.5677713418050006,0.4450521742312055,0.08286220453205828,-1.101679632550291,-0.8156911497773158,0.9181400033406051,0.46451305714849317,0.26600685018340864,1.3892608681102634,2.034542891019292,-1.563360534733194,-0.9670539750965954,0.5762628487177026,0.1464264987101887,-0.037438824190081384,0.8950740321635562,-0.2635952654986893,-1.962858892915963,-0.2849875750732218,-1.4668504808525173,-0.02461094463548717,-0.8508091948794129,-1.0075035488443607,-0.11951134490690743,0.6798530554664372,-0.8306073751857525,-0.03943167512310013,-0.9981881228741156,0.6089340194774905,-0.7963190672354235,0.48876101195748545,-0.9495934271054026,1.6075985401767678,-2.6704880143687766,-0.93546166788844,-0.29006799621770224,-0.5567132164924515,0.17366975526688336,-0.10293150245629125,0.36469816873918076,-1.6744299004643994,-0.265691949751364,1.0755232209268843,1.4343300874382976,2.025759231795191,1.1955144787486485,2.3801372543937713,-1.7102328514852156,2.191502817388637,-0.44023485538341955,-0.6784923607740824,-0.9525760866746754,-1.0158468455446128,-0.09055894392310912,-0.5517300074414427,0.46807531755032555,0.7088476607814761,0.4993064708266597,-0.2992512279137429,-0.029490773529686206,1.6611636307919166,0.48493059613366335,-2.5071348053342497,0.3800429066987949,0.2708924401230931,0.37424396091786055,-0.07337921232577094,-0.20086807343713842,2.3651715237562527,-0.5234223571913819,-1.0036719174053355,-0.8451864304909148,1.8998572575644939,0.2021575619648584,-0.7370139674764061,1.0053832731174144,0.11150669405601299,1.6329701283021942,1.0581060338837858,-0.8475595363737187,0.6456478242992056
-0.4285160018710348,-0.2183664530819159,0.51531748676881,0.45383603555323,-0.12727209849569932,-0.8945272194573297,-1.5638103227505757,1.884032303371646,-0.6260969632832717,-0.5118851040623659,1.5830902280665855,-1.2311963421446857,0.7506285805530425,0.3247656345782241,-1.160935234489672,2.51092812965804,0.5871119437387694,1.3587261114406066,-0.4059184946536416,-0.6047382102448097,-1.0931790682279776,-0.6204431773323733,-0.9579955952968537,-0.15625999173813734,0.43281896213713345,0.21788557937366737,1.3316168161236,0.053970390423889174,0.9380235339503759,-0.5506193203742429,-1.3596141363646301,1.166729942417595,1.8057169664041282,-1.8235665433806638,2.192406808393085,-0.4457887432764677,0.17003658781923045,1.347962424059376,0.07102138035019247,-0.49091219686524884,-0.08361321842537853,1.5594607042454702,0.3223506997913643,1.3532725401677501,-0.6236530056622476,-0.3901845845285201,0.297026379270008,-0.4465130709081423,-0.8186454141695613,-1.1166669700309035,-0.17874070616653445,0.07392826155700101,1.7315298483985484,0.02089820774584012,1.297742701357881,0.8394834646521606,-0.272567031307572,-0.8987366474152243,-0.9475622168722166,0.6853489657985439,-0.012958245650202892,1.3177553125080892,0.47630741234824603,-0.2754035864385954,-1.020758416305787,-0.00955297020094103,0.09443911452590203,-0.48460116753983457,0.7193025854643188,-1.2329510251735214,0.571852800888794,1.258680505958403,-0.8432756443999377,-0.754683351601401,-0.26008569170105356,-0.1193219427574726,-0.18471833915041183,-0.3563498974370306,-0.5363950765056544,0.9295462514440301,-0.0493114333272655,-0.40939028564893615,-0.5282612753290015,-0.7690016568208493,0.3599229796940884,-0.013065623594195571,-1.096014170658602,-2.8348166463235045,0.7491928793678501,1.9286854264515807,-0.6928286188007393,-0.538590797996656,-1.9629008307642533,-0.17944973385521304,-0.38972419716299184,-0.25596337929780366,0.8169502466026982,-0.22017909854967035,1.1464265790645054,-0.47215878050071025,0.6129207020741703,-0.5237686923374386,-0.9248345290676759,-0.7453016643847356,1.4080080182910273,1.9429769865329234,-2.2902840725527356,-1.4664580852991433,1.637611975056645,0.26035350879929997,-1.65193307080136,0.2186028752762166,0.5710012752856483,-0.8075629313058528,1.003978211081011,-2.288426107653493,1.5944846190626656,0.7618534202688038,-2.569720383380668,-0.673979511166212,0.3531610591667042,0.29696534466010305,-0.4630135107224937,0.6622099861092621,1.153338055074818,-0.5512230996702329,0.08688365451314346,-0.03511530200521928,-0.2424033418459949,0.4521453570564399,-0.3434288125188511,0.678588339942138,-1.584095270141017,-0.8008319109269438,-0.7285892292607471,-2.0305147969967976,-1.0529787297717974,1.5773274878124397,-0.8726138662773029,-1.3490675652362614,0.7865507138554462,0.0722036642767527,0.3698155865758038,0.5660911090318257,-1.2623828041720881,-0.9250289722563039,0.1130995529432597,-1.1375029851297844,-0.6486966634636202,0.6750128861129733,-1.6673832959545476,-0.28359289412334415,-0.849170395152639,1.0285512630109446,0.9422879364711791,-0.10007996907611806,1.1678391815040163,0.24611614324336747,-0.16610603825611636,-0.25822328483622153,1.1581337687859241,0.18771720121378793,-0.5567923202495784,-0.0286022259666482,0.49468742010363714,0.28322075736820035,0.4644642112934099,0.7948688839370037,0.2807826120576051,-0.2981464557919646,1.248915402969614,0.7426212083829924,0.8865262005279075,1.5955141806108835,-0.4700822591571058,-1.159786025300644,0.07400019456096867,-0.4285093664950654,-2.717312227400377,0.46294674961057075,-0.6140103641704324,-0.447531969005257,-0.5430094008367684,0.7316538856965371,0.12430200622499675,0.15134044342834962,0.2336532536276082,1.2784945784108621,1.0756743933361916,0.4589697221396254,-1.1907733331342363,1.81429887975328,1.0151209139744344,0.6490145952247356,0.9479381814048202,1.5655600161773995,0.03887756542972124,0.9397951049012423
-1.088950528509073,0.1009801843971454,0.03800183775186801,0.3320119094400108,-2.459316536156729,-0.46646499161262633,1.0534056339351305,0.10712631604947963,1.2754768042502014,0.5716033532386129,-1.349281927875354,-0.7680990784729299,-0.7259109693905064,-0.22505602258825255,-1.6363946406479521,-0.3990002587944228,0.6856636723131657,2.145698580265921,-0.47015825481415324,0.21222929333822413,2.315359870068115,1.4551814276130226,-0.4745682216075443,-0.6332015504384514,-0.30423331328206493,-0.8922504365782223,0.9858100186453147,-0.2843016788853598,-1.461807638713605,0.9785475935727401,1.05349520095185,-0.5642366032396363,-0.4248891324715526,-1.0053171105474918,0.3271239496302757,0.4814989134833009,0.4071905630859706,1.5615095637622582,0.731281537022169,0.14954206657895608,0.7513287174774206,0.15482951639407178,-0.86129399088273,0.08811813013379405,0.30236217632545526,-0.17744716491350412,-0.09939024240702019,-0.6933174862751117,0.5255254235542328,0.9505262121974486,0.8772699386666981,-0.5223050739361433,0.21379760956056035,-1.4176854550784777,-0.7659840987041932,-1.459898871607853,-0.5824887845717482,0.7324911488336947,1.5177383240682305,1.1787168746359558,0.4760412915180394,-1.028354452747198,-1.14167537233472,-0.5137722058106644,-0.26175622842619006,1.6236483736924139,-1.049016175012375,1.2995821553259381,-1.5644445956006185,1.5463507184721004,-0.1860951287275314,0.7239929212347939,0.9074939149600713,0.3905491057572544,0.3490204472009482,-0.8485749876411861,-1.249928950642781,-0.05410708063124482,0.13983615163920937,0.7438701633170655,0.7121013157917419,-0.07395201547736836,1.2512296000357166,-0.30873999480412473,-0.31894169497515323,-0.12444290661017338,0.8989805000530783,-1.1886554541181866,-1.517349223755577,-0.971175996818551,-1.1215538023782547,-0.47128072291395073,0.8694328163589063,0.5159674575068435,-0.21673509567818916,-2.213010027160242,0.0009636274030365745,-1.6921420561387037,-1.5598007320830058,0.5684947404590233,1.9704578030287538,-0.31734028974938144,1.1574318719325665,-1.2888466198948194,0.24429185617291485,-0.44958109426578113,-1.7680400044648616,-0.32496800607200477,-0.9850647239735022,-1.5277009657614897,1.0390300788678821,-1.0029349765133615,-0.7706038962906148,-0.8028628114822004,-0.8401385204009425,-1.0502022496468177,-0.48710929679184845,-1.253454997347858,-0.4580853305434036,0.712757968746121,-0.17508358523711365,-1.4619456944971057,0.5074206565179337,-0.7912099329645784,-0.5068136900843836,0.6952953823549973,2.147210901508516,2.012516917003811,0.8038009035782286,-0.9213720149596774,-0.003096555467917835,-0.7642748876125103,-1.9654588205099175,-0.5428382585584628,1.1657351220431127,0.004470355719564739,-0.3620910369083817,-0.012449861826154578,-0.3594616286289575,-0.15468179651097136,-0.6154232893418279,-0.4820611582195303,0.1262611475867567,0.7809594122126756,-0.16116933216715357,-1.5082035750525293,-1.1840040604005995,-0.7800668534124736,0.8308868267700791,-0.41579799542308,0.49592053518552776,-0.3005646876532122,0.1895322564452406,-0.050553490135365246,1.2661764540712712,-0.09801093051644526,-0.7157843150672535,1.3287405277246842,2.1509452944573932,-1.0717990273807236,-0.1703710365850153,0.382719756021592,0.05645354236601832,1.6013399592783828,0.19537810514112763,-1.2015286094084459,-0.8950923156040208,0.30992775757942836,-0.8449713651553052,-0.5836329056619193,-0.11320477071471355,-1.7268690295887332,-0.6502846761797336,0.7183949706136517,-0.9713178149837062,-0.3546032445310368,0.5988485065842275,-0.3150268063690822,1.1223171641600886,0.3936932405881388,-1.1974548815256862,-2.3715261501485883e-05,0.510332358488615,1.0976133073842544,0.64086143746561,0.17809890450981283,1.6971709893543379,-1.749946458424468,1.634189131598667,0.5946069489942496,0.21069108613453816,-1.0899725412320282,-0.1867953546254358,-0.34092835928912,-0.24120001918696707,-0.12362096976653801,0.10833036545387123,-0.6953069830333591
-0.9405960390091739,1.068517699924866,0.841364475560242,0.5703733568439384,1.267892606557879,0.12427773089216876,-1.2731891120985563,1.4521153807490557,0.2285376488773762,-1.0447687822057232,0.0008956659242353559,0.497003757240657,-0.2743309516696346,1.5414583365820609,-0.7961248888648551,1.1136269573094544,0.5966078745375797,-0.20910814627283003,-1.2297943201112014,-0.26600362663347543,0.7071960733370054,-0.4429135728181673,-0.7516907631758624,-1.8157050814147988,0.8106625520616441,1.2029236675536126,0.010807031993367258,-0.6193141836747673,1.2488236422108445,-1.083817493818615,-0.3295414828209347,0.42764580855570317,-0.04667704364187414,0.28359882936182557,-0.9770544666818386,0.9164364833825258,0.2653794324736345,-2.007577690752985,0.514102564966141,-2.579840921079099,-0.5881067587119353,-0.4017621370306517,0.3058448374539898,-0.5726238854199109,0.48936610610450343,-0.4887716738071069,-0.8303476390905767,1.7011122196160475,0.2775904967550492,-0.4273865173246627,0.45467984314827903,2.6201163280248507,-1.4669566181015912,-1.211319359708988,-1.3283476046316565,-1.0311893437952235,-1.0687220827181807,0.7278584773609587,-2.88014571585411,-0.08704151989194704,-0.8697652392386831,1.5080335849124786,1.7039371007324808,0.2281279429400965,1.1755538758425572,-0.8338797608787636,1.089454753951319,-0.4329426996477274,0.9665450150707832,0.8362871742290928,0.4843444046630569,-1.288488073546915,1.0567212853482097,-0.9645991146174371,-1.303390092096834,-1.8538057337450655,-0.48685748597928097,0.7016305987132266,-0.20803584305218595,0.758016115362445,-0.5653830019984628,-1.975097266281208,-0.09579730981027842,0.3024871862519365,1.2559295273865667,-0.3700986209318698,1.501005645731678,0.6239402704862047,0.15986158281848875,-1.4495966811021774,-0.004511451549202174,-0.40702338680344885,-0.2978619999851098,-0.8671162300472831,-0.11507006530332548,0.7867732900513436,-1.0748833372694144,0.59274254135995,-0.8877848711308344,0.05887262337118262,-0.10830490433642506,-0.32623718456361583,-1.1114465495447197,-0.3657761717994027,-2.1280527391462627,-2.3344150192710282,-0.35123240415587703,-0.7778044295414577,0.4420976190978813,-0.08954361056057969,-1.429251575779382,0.0666048283934493,0.03503957718650543,0.20542672035855178,0.389334176527375,-2.037877378873918,1.523678855684373,-0.6005760747428726,-1.6695881855606185,-0.9962548517225396,3.2823285870475387,0.6290697076372145,-1.5611577870040034,-0.8977638739564366,-0.4025815651007474,0.6412721555243188,0.5804556096565908,-0.5387240006409177,-1.937630426870363,0.4244868878764057,1.2869744416050717,-2.2050214096142784,-0.5635224020330182,-0.6998019743338452,-0.12399927401778954,-2.2713451188545353,1.8022844957377118,-0.8520558157487024,0.5933624870958197,0.27101965852203963,-2.4096968181402008,1.056689439223661,0.19445064144127155,-0.7875845487845929,1.2284171988853945,-1.3356970746324799,0.8251666958677248,-1.6070186186059188,-0.12067053064338668,0.21922989266996584,0.32354133937321583,-0.32600472792222507,-0.20429635980589417,-2.8470869679930364,0.7921819625551686,-0.23901780920830384,-1.7447698162668344,-0.6490370385812193,0.7973499447284378,-1.4679319182414552,-0.14453840993793307,0.042894034613903315,-0.39108062681977795,-0.3333175889663467,0.20898147446362134,1.5265997437024457,0.22146087108830254,0.3567017476181938,-0.408346710295467,0.35684725843084414,-0.05222106682700598,-0.23974462313877545,-0.025184941046645693,0.3140253596777726,-0.5857158439996594,-0.9948323988947797,-0.6975889769540958,-0.43921602368157203,-2.1872551682525496,1.7303585307124179,0.7599003860147203,-1.2817592176085524,-0.9834925875547118,-1.1919597170892469,-2.9810350103857046,-0.5415675919997781,0.086218753814165,-1.969880553026345,-0.11606332495030329,-1.5368682986645839,-0.20510417092699523,0.09837629330826801,2.341596948435889,-1.077408449424611,-0.9714782832874632,-0.37301736743618197,-0.44697198369000274,-0.047844862711782475
1.4701161597102355,-0.07284781490807302,0.7338312117417362,1.2397484775311793,-0.9032654732906086,-0.6420718712616812,0.14504349932437363,-0.7124265544840638,-0.4669732472311792,-2.275817295938007,0.17460405801359433,-0.3599755865621088,-0.23314252617824208,-1.4385594827324797,0.7817550157231417,0.7904349144737922,-1.6255663894723862,-1.814923759784667,0.6818222232298847,0.5784554733414186,-0.417203183667135,-0.8133932714341336,-1.7118630153397238,0.6435789668952879,-0.3350815704526651,-0.46250970234337746,0.9965275418120243,-0.26202931351263403,0.7873995179601522,0.6089451082884347,0.3443564228196915,-1.1532585719347346,1.3843185676386736,-0.5480087348097072,1.9284451432799383,-1.176367221520244,1.101906427168824,1.4366465218201818,-0.501249533833188,1.5730528599121394,1.1691635260035085,0.9951896218841358,0.930667183231269,0.08785783344920968,-0.34293839760978834,-2.058241053155653,0.3742112829427054,0.6666942276991378,-0.3012853220208454,1.0196998693537276,0.017248665849062265,0.983144435655047,0.33981174371003625,0.5370468763092855,-0.44345979309767136,0.191768549380537,-0.7839470653229685,-0.10309607661227949,-0.22857328124384574,-0.679383068294103,0.8175891201634258,0.39458972741783466,-0.5251215635359897,0.695412554597558,1.7075920859724003,-0.59896281993479,-0.20000917993732145,-0.3263672658253365,1.2295653866809593,0.28681555012024773,1.194504478052143,-0.1563045943417123,-0.3703477360314589,-0.2895363604382509,-0.14819595482410558,-0.005716408654994454,0.7896153764307032,0.33875694326462497,-0.6458307955617133,-2.3923385147147602,0.6839724441659262,0.45917782028561277,-0.6320051338768834,-0.32617321815043193,0.8700471981482422,1.9417747669765253,-0.7024477394168966,0.1465019806468712,1.547758094152786,0.08709770923237001,1.2186203908798316,0.16635811312596108,-0.3259450969918065,0.7685287502748716,-0.2561289308217341,0.1986205953644693,0.6215706156794055,0.2035777938475109,-0.04964588898295049,0.9280008575737203,-0.2460741781802835,-0.5545034138739098,2.6667326072839836,1.2856574104085359,1.55348795285411,0.44454513946530944,1.3993363550739397,-0.7235678952695022,-0.05712869202604528,1.547174965371559,-0.014269066816487742,0.6528025100536754,-1.2498137087679273,-1.1326543920028505,0.2578483686889496,-0.35692502673493676,-0.11766726052044589,-1.0590656248388526,0.479494163000011,0.9464363701364683,0.9757724679686369,-0.3636611410209553,-1.7374562760447005,0.7933524903919597,-0.6616380327814865,0.8904625342283019,0.397585742278418,0.7786433992197174,-1.7784372060476483,1.5887558581145973,2.4365008891290696,0.4383307070628708,0.5329452933726456,1.158786370263889,0.1267260110153577,0.2793554485181795,0.19910648207018838,0.7097858734015644,0.3652855360431046,-1.3895771587194121,1.2685260582232802,-0.14519612001901616,0.21742546731154436,0.7223637302458854,0.15814078470688636,-1.4136096368970763,0.388789328282568,0.9102538793853705,-0.390214264731263,-0.14796979959139506,-0.5284480971206594,-1.071752224195809,0.1827728091278758,-0.05586058391586467,0.14582212910649972,1.8276231019574758,-0.03329569293819069,-0.40561328405007635,-1.0879389299669207,0.2243070271461031,0.5479553232993647,0.015502734598667748,-0.27213547136036076,1.8844443959739245,0.6094023903832665,1.1770690090578233,-0.8738883660214022,1.203271096150336,0.4460339821612875,-0.6486170860858809,0.34979775743491287,-0.07607116453556495,-0.2804179321846335,0.8552270346841643,-0.32745149345333513,1.8957838235526778,1.4965262564917716,-0.7096826743808392,0.9263294885591787,-1.508320221603512,0.2285395004162393,1.0123025293574306,-0.29295694833369557,-0.224615078870424,0.44188262592705213,1.1644963450770944,0.13631674495688312,-1.1441009439203418,-0.900053813955753,0.09901268439808765,0.6274056303789258,-0.5222519383865412,0.06832211147396744,-0.6617714333884968,0.147892576215498,0.5463543331727181,0.016415793008743493,-1.6975397402182795
-0.3021228411050908,0.5336286728517926,0.5868690557262081,-1.4778960159523435,-0.4278057687016983,1.391947164376223,0.7470719758472181,-1.8190331710338217,0.6977348825059372,-1.3316171678039572,0.7676408670944478,-0.5099361338897649,0.06701400428636024,1.697299989317901,0.8208959411954405,0.5398899328628967,0.6239421698743178,-1.173981358951331,-2.3536711442026332,-0.9142435046692171,-0.5167894410800002,-1.0006289507145965,-0.3164138524122445,0.2921111541933785,-0.06347957267978756,0.6747195559759065,-1.0418643906602711,0.34954445244493215,0.07839305858914462,-0.11570987676406713,0.060653522148447825,1.8910125548007075,-0.2608636399752808,0.5607160794892685,0.9286620873828629,-1.1089383527614338,-0.6165036915430984,-0.48622293848317527,0.487601828874426,0.625461477636178,-2.1685229712597422,2.2783515658391904,0.7481486790525992,-0.29926553923989135,0.017922546914967537,-0.5268136240974134,-1.0257855164717127,-1.5488200005438264,1.566388729311767,-0.9543814696368901,0.1665820840449081,-0.007158087513913017,0.14228333551369193,-0.7007491243791647,-1.2261035693615254,0.47327629790873327,-0.1991544423696081,1.6514207594035624,1.6967922838022724,2.4844250025152714,0.6781348637447375,-1.4128943121436817,0.4847215033318835,1.2549039959156298,2.1741674075046253,-0.9093120161861549,0.1654950605362311,2.418775912338394,-0.231473985833282,-1.5347603280233575,0.1815512171117349,-1.920004120158145,0.023953017087282154,0.4687426270899581,-0.20701481184112286,-0.7354305281497538,-1.4943291117202688,1.2785400692232551,0.538265333183735,0.9001423714326643,0.38104938121879284,-2.3318554315975444,0.4542952130561682,-0.325408726481768,1.3527508534706147,-1.0884519823434835,-1.1656069303073087,-0.19302020211039556,-0.1930393924064566,-1.3763281910843415,-0.33834286546375303,1.0001594355735468,-0.32318411941253855,1.3616505481336598,-0.7274939946068282,-1.265529338927456,-0.32833772981858933,0.789671312780258,0.22561966100282838,0.4341332429976465,0.10482608212801299,0.33387899379637903,0.008515764966218229,-0.6775342082994358,-0.14411131797821386,1.8755660549308928,2.0113563188527825,0.9322221099929022,-0.21278021194277388,-1.9047578774828953,1.8921816308774277,2.3860137741923197,-0.8666422622347945,-0.03219991651394959,0.15366398155124047,-0.15541775503049457,-1.1881968830409093,-0.6834224270560268,-1.4681615997185977,1.4408530913100432,-1.3159637529386268,-0.7336038401521893,0.22343904409695228,-0.6181372036784057,-1.8022415564635272,-2.495589530416643,0.43623918968701086,-0.9467157034025445,1.2530918049030153,-1.4681639707549152,-0.33980190798174165,0.6373131516987983,-0.4451013832414666,0.18551475286187957,1.415105038951911,2.027025964223607,-0.17784484490197244,2.4189591978539533,0.3462085157927543,-0.41069266855149766,0.8444282306672859,0.5804777051800537,-0.2958224679956053,0.40902238531867924,0.8677081580842274,-0.8943216810950873,-0.013390359139128255,-0.41377338362199173,0.2857458094240601,-0.3743317334614396,0.16638081455883422,1.1313233269581984,0.9338039852161543,0.41866742997892975,1.4635373359757373,0.1217902774311966,-1.3413888957315478,1.6260782661849915,-1.3855651746524653,-0.06713302329053458,0.7338486498469976,0.35997574158620077,0.0878526257911983,-0.4154607108119408,-0.5345062170113017,-0.292817868565397,-0.4348183969686295,-0.01072596098346195,-0.7333854013406994,-0.973193646123842,-0.38799577255381607,-0.47278534297311,0.8767756802950701,1.0241368871004284,0.7107406070028539,-1.7056893573108305,0.22225737618854272,0.0006546964344616543,1.7529709615340514,-0.060660113065136925,-1.7518170773981339,-2.655655649295435,1.4758432252149307,-0.8726161546559839,0.11521653040292187,-1.3518521274658593,1.517628628703703,-1.8730483073822468,-1.0129344981578092,0.3577167827196613,-0.8917139785747946,-0.6664253767916581,-0.07740436440498302,-0.9514157501244167,0.588416075116767,-0.9317716259237551,-0.3054283805929369,-1.2268665359473092
-1.6372176580658306,0.4607057099117412,-0.3227686202887701,-0.5605370038877895,-0.5857775508640236,-0.8769611716515379,0.49247673329567954,1.7056545472032096,0.8175026613843931,-0.15555003728229447,0.0401461397682055,1.0196553830243515,0.4864837750607666,0.40070321994229413,-0.23193824811002023,0.7404221286993817,-0.2682288570575296,-1.1023564289539374,1.1143666396785328,-1.1176655744217405,0.33302480706345583,-1.2197380099281727,1.2281209462482143,-0.1592341166023053,0.06740210395320578,-2.6543852750740604,1.1779819223048753,-0.6519465254413856,1.4712414597208132,0.050684242997627076,1.0350051698633544,-0.16028819248447315,1.944830627575465,0.05015827966824657,2.0037299159322877,0.7275482912142264,0.1502417325948698,1.2631007334372937,-0.4332832499398601,-0.2730972622569494,-0.6115056305456589,-0.4368750119477527,-0.23933305092238075,-1.9842700946717684,0.09712482407099703,-0.9971569212665556,1.1898956325133403,-2.7607229764517944,-1.0538693939344557,1.0742728231665564,1.0323235152411192,1.5194088070209202,0.2504177260126852,-1.9246760944206793,0.8722010973431388,-1.1793255136578442,-1.7709895831040285,-0.24610997871382959,0.3408202441064782,-0.20291949646583723,0.5911765370660828,0.3426054410017498,1.1458526233347543,0.5966057002319611,0.34689252768578416,2.630664591508852,1.2123343822886579,-0.3743343010061408,2.28146299313834,-0.23864791125812976,1.1720111859518574,-0.725991811147532,-0.579910681950923,-2.0632921110423705,-2.436005161249487,-0.3935259776460703,-1.2548577486447101,-0.029978596094341833,-0.2625929069024263,1.0629976526470868,0.44233406974060824,-0.6236547230124474,-0.2588037363767984,1.259038672133832,1.0999972076653406,0.08644815944170789,0.9318929443001089,1.2658020900563907,0.5929150017553179,-1.6230040105329278,1.5576281505330742,-0.9068663794590859,-0.857737281377561,0.412674035370558,-1.5876988013355304,-0.8502716552973701,-0.3057861147201119,1.147830797349737,1.1042282279918512,0.2589540295139092,0.11429997678958663,0.4190476782632946,-0.22220472758754595,0.8381940988885773,0.8836731917755025,-0.5077226247175406,-1.3446961395980763,-0.3764228779778196,-0.41575860912976825,0.014044912455244108,-0.08235744229366458,-0.8119721219805729,1.10497734204501,0.1332792266389545,0.6216285223691312,-0.2541351055652453,1.472166561328322,0.8036515541118255,-1.748856726723669,-1.074955908831265,-0.3893404301861529,-0.4748130606576927,1.1856072777802644,1.3595473711274786,-1.0732672246320116,1.6573650540113583,0.3387453015799726,1.46029545952753,-1.403540035531469,-2.394599749595781,1.137249341550654,0.6842840994611016,1.7545867558256563,-2.2923986929923212,-1.3437756601202615,0.8309938566338446,1.8664092903710483,-0.9731775473781721,0.7608450385638452,0.07855674253134681,2.368758024305047,-0.9241838859095987,-0.32065824416906336,-0.10262305182196771,0.6884865344754444,0.03463619324522703,-2.168571954851413,0.008601858764909527,-0.026520732611855273,-2.7598124467914915,0.7933057554686854,0.3043929005617025,-0.8750489505990516,0.01569823175440988,-0.14668778688253342,-2.0984386999060605,-1.8544495995470947,-0.7409041103344628,-1.5769267389610853,0.7598709170211477,-1.614797739746134,-1.7844026264192168,-0.31753071431595975,0.3874089437331996,0.8542079394935774,-1.4951852410672033,-0.020369299237248135,1.729374213982469,1.4741644691343496,1.2624174788029032,2.639505368513126,-0.4831184408761855,0.7528874229960657,-0.7518637825061818,1.3598109025402383,1.0964912250527943,-0.5115067608358964,1.2684354404810307,-0.18495146884759853,-1.6318715284038037,-2.8889915107679247,1.8712292045106484,0.44964462670394933,-1.1613303431629645,0.2821389213011405,-0.3243991569091352,-0.7998870545093821,2.565347566914976,0.7582888383043804,-0.5529459718882489,0.2770309403869429,-0.1342531373251068,0.9508349254768074,0.4335453681318646,2.0723256168102164,-1.3764097306741074,-0.727080875141022,-0.2217336753405603
