0.9035011397983014,-1.1503017203339623,0.6120133114042899,0.3605164173166733,-1.442230649635653,-0.22463223107215344,0.48121409957974665,0.9114375068677857,-0.9116997918973566,-0.1127745285941379,1.193263993978946,0.7421989533416401,-1.3519484649719424,-0.06390440160746874,-0.3092409992379326,0.7377982795487847,-2.2546753062696143,-0.12386729383328843,0.22285015251581766,0.2354620433694293,-1.4058979554788862,0.03335234678994497,-1.0936846754122913,-0.38471092340827406,1.183736888386756,-0.10962695739590744,0.6749759367522338,-0.7629150596306133,0.6145059017997708,0.5450714125237427,0.4325129721697403,-0.824768046539714,1.3609126141995198,0.14137751222330006,-0.11243176910988237,-1.3509108014238587,-0.16522731212398084,-0.02989162197957952,-0.009380521726204566,0.17900768761396743,-0.2551869941885195,0.5319231267752201,1.866144633099822,0.8214776340110359,0.22681033566168746,-1.0107176200936416,1.097909060476043,1.1979677904328345,-0.41217657407127045,-0.34154745019835836,0.12721562784605836,1.2687652530183011,1.1814372134352846,-0.4889628054933261,1.4031448716067225,1.015406072349875,0.0037526040036713203,1.4983517147229508,1.2260310098778213,1.4289316876794365,0.6247261030738699,-1.506712228776991,0.8910113402800381,-0.5421625344647211,-0.0728992680789958,0.28316269043150355,1.1379525734159608,-1.17246283431121,1.8118266527198585,0.5948630371628417,-0.9094967745905109,0.9518383658281041,0.1728561973987836,-1.3976253153202158,0.8396281930927703,0.785686454412808,0.43452268743254213,-0.04271258120792622,0.0422499074619675,0.5243182727541019,0.23512709809696425,-0.10540289904444368,0.9494699842962533,1.9897369531793794,1.0484045354751408,-0.2944773496364873,-0.8924807612849798,0.42668377627835435,-0.08735673583244437,-0.18595832385405656,0.7775163311429159,-1.8775136688770897,0.4534199066559658,0.900289751076554,-0.4233206976808628,1.4924244509878657,0.3328781080750113,1.8321277154282785,1.196800073238201,-0.1674145659171242,-0.004911199232046711,1.7820779401447204,1.046841737822223,0.6583605578763502,-0.01620820307888147,0.10449614534720444,-0.08423523246339629,0.27734067265830664,0.1060577183461207,-0.10401700823379029,0.8242317087807748,-0.216606398915574,0.8031734149091292,0.8828794255158501,0.9009867663585772,-0.20988032636157114,-1.1580804210416755,-0.39494835077879004,-0.6391415239197514,0.31086392306894406,-0.4864083224426715,1.1260655342330776,0.6092496671240107,-0.8824658160406905,-1.2513565859134184,-0.45132513204663965,-0.49381499143741214,-1.8249348975662603,-1.6833726191539515,1.2856540131310443,0.10433093792991412,-0.8415830343313859,0.4590783686224514,1.1311508679139626,0.6195760982465711,-1.0892480206689699,0.06122185443487928,-2.4005620476267366,-1.1218718776614511,0.8235458823905856,0.6012727215188599,-0.04017233578479525,-0.9227670000954943,1.4001612255100193,0.106274780686049,-0.48676460699054674,-0.21915377355410198,-0.42672639135152296,0.6304508003823676,0.13273505800519877,-0.16378243332778666,2.120901983375193,0.7838073348146989,-0.3994846569083099,-1.1198169769754875,0.14670761479153288,0.8005395673050629,-1.087495899466873,-0.30767976230231686,-0.3357162965793238,-0.4944815426605187,0.2760656662277398,0.37442214128850165,0.13089560748929577,-0.25149964039405687,-0.914732807442486,-0.28698340758909546,1.6404694256370569,-0.0334610455432917,-0.010099287220161152,0.161390177053072,1.5586791805851345,-0.30914552069875134,-0.9715824028565712,-0.37346190906060894,-0.4671408261099774,-1.3980360479285443,-0.09608365953133956,-0.4555086622051066,0.8486287370288097,-0.358404321302032,2.238474956367722,-0.6641006599490463,1.3676387683507598,-0.45465489978940093,-1.2341265715560539,0.508438917799609,0.5442047936566147,0.6025029964875913,0.6535721223051203,0.044509512048133436,0.07944172924769509,0.41672805709560184,0.6625506946483048,-0.08771545287606114,-0.7489169459080509,-0.33445405027869707,-0.4046951626656099
-1.0195353786305368,-0.8103921147174535,0.22061731311694308,-0.9828526759409135,0.07885366942978883,-1.0114724317328299,0.16959554521807813,-0.7340627324471747,-0.6074209420784847,-0.4231723743284958,-0.09709167952493508,-1.3261360126355077,0.7979754615288809,0.7052490697664893,-0.02691755419656543,-1.5587211269204444,0.2035323155043267,0.02361439611767508,-0.4105706908681035,0.8714057967209814,0.14468156211201114,0.4128748076427762,0.6038881936886208,-1.0656099548284945,0.7343178225154852,-0.6937549344885544,-0.19887256980881374,-0.18279908248222887,-0.7353185672430241,1.2257192892929836,-1.6364390771810784,-0.6780250108385079,-1.6106860684448396,-1.4135732341978235,0.6035546235803191,0.3044043151949331,-0.1124975463528658,0.3648576464514551,0.5864985387251668,0.621238060163193,-1.4032470114083953,0.18568183170461303,-0.5576191951361283,1.5470291203217788,-0.18442164303291414,-1.8741487547411897,0.7336184652713056,0.30807529937926476,-0.3734901218750549,0.09851481799770698,-0.13715210069628142,-1.5153374732022906,0.5396056996056886,0.3076994106124449,0.675095558519104,1.6487914034606075,-0.5796873296422017,0.1741168646643599,1.3758457622688154,0.08705182253450497,-0.5891477163441144,-0.863130864817998,-1.8914509857287152,-1.1917605006983987,-0.012992363115279149,-0.02717206754063914,-2.3733436514843516,-0.025835546499454312,-0.08626640450202809,0.15071799955752557,-0.751085699414481,1.541601388132778,-1.293055942926529,1.7177852623655756,0.4796726376308793,0.8126688742396415,-1.3974417934812553,-0.3609190935329184,1.136794124297275,-0.5525590538345282,-0.27959192315376863,-0.03460550153888599,-1.4411881373744007,1.3823623046114062,-0.8569649585948411,1.4132233554839173,-0.4380095763024569,-0.41951332659745055,0.12557842636179364,2.114633896172905,0.6508950286877843,1.3604800796694398,1.6518647843080942,-0.31603240304820696,0.21544092416436325,-0.5350665259831981,-0.9091336601910939,-0.13673349979448618,-2.4970647121807805,-0.19232758627728877,1.9431394026477526,0.13715399519340274,-0.43211572610919446,1.4946435550169945,0.5206086693216536,-0.5132001745201722,0.5878359786931421,1.2513787890294812,-0.6505864781133828,-2.05194886842434,-0.643198089158308,0.5301330620491782,-0.4980866495331369,-0.49213026222043726,-0.23832424173795969,-0.8099201714909338,-0.7477848556714294,-2.064403665213718,1.1837075802535533,-0.5398962211071648,-0.779165986510939,-2.365785082704554,-0.035473882023138226,0.2568295407741014,1.2584517345462674,-0.5673777760745775,-0.033821410885781784,2.2098503408385146,-0.44097364156081786,-0.6672454312621035,0.26385552402698603,-0.3142543629787783,0.04129840371000458,-0.2499261725711569,-1.6192126313138395,-1.9345766392634893,0.08747581226932367,-1.1441425225396142,-0.32483115236991783,1.4951986774115402,0.40866627129206323,1.359457780208936,0.9313390788825417,2.6029052288540013,0.18316367046938792,-0.7096362621326455,-0.2542520699444987,0.12505611716623224,0.640860771720433,-0.1389919171607881,0.11836572412609446,-1.9895098078590798,0.29524521366751577,-1.3165864254978388,1.5706591919803161,0.46728829164265495,1.509884723010937,1.2773917916953732,-0.2760292875518626,-1.5711492394460866,0.8610402763085293,-0.8610204468940622,0.006018531049929571,-1.1190556339109663,-0.8190800625030445,0.3572246251225575,0.6680372159421537,1.310051237421556,-0.022149037953027983,0.23921177230619944,-1.5118397623614053,1.272154616497278,-0.10895940500285944,0.21095287268398197,1.019134210262918,1.1633214717043847,0.16009545115387855,-2.0191780889346873,-0.06707324365076668,-0.8877219889338744,-2.718871097603709,0.5677056321445303,2.0569482694879344,0.12296671274317802,-0.5119269520350612,0.5230153873429055,0.9289543820383998,-0.8429822596633912,0.03397032148310545,-1.1763000387132758,1.4716761044169422,1.300413883668371,0.45658447142891584,0.5316672961363279,0.46942843271636553,0.34689737827280576,1.0416983866871465,0.3166901535701945
-1.2069375445454729,0.28006895499818074,-1.0052056226295962,-0.4089066245641082,-2.5719938604397243,-1.1100325092208074,0.5454476156997984,-0.12581606173117854,0.049452189098656014,-0.08030562392656607,-0.7544381320656479,0.4282741806769535,0.12304507053943341,-1.2906477966415082,-1.5701978118905926,1.4380743164190024,-0.00881641244553639,-0.8767710861034895,-1.0163336943235357,0.466850801749275,0.918631913511667,-0.07692995209625399,-0.3095224122499873,2.14187753502557,0.4999000535292316,0.47079038924578664,-0.04408102297179515,-1.3642445843568023,0.8239740078020231,-0.6763640787287993,0.6717045233122287,-0.2328640939999712,2.0265099673435905,-1.4712196924007,-0.887469402686135,0.06598192315086328,1.3512711593421345,0.16677105254800972,-0.4888738771336034,1.8311429678382953,0.9702367321313473,-0.20534599752598195,1.4986388221426359,0.5967246601164556,0.433445995610138,0.9516547999848568,-0.9286488996342002,0.285174587225733,1.6478206796765364,-0.2709360482934146,-0.02500454013634119,-1.3085025587144852,-0.3246546549302864,-1.1773615091794623,-2.0400979477744694,0.16414189204426266,-0.6992589139345874,0.7508654548477964,0.26628147972836286,-1.30024370804526,-0.47126551790638466,0.7132523807342224,-2.1075995298257477,0.712772028110025,-0.6128448455256621,0.1588867127694894,-0.23627573468455995,0.12761196590388332,0.388479061978811,-0.7939309641076372,-0.7431432931487542,1.0832437295945507,-0.026989303390051424,0.9595407603628845,-0.5041687596471818,0.24207397879630282,1.2201092343984006,0.9537400112273473,-1.0830881176559433,-0.5816961632275158,0.528769430491131,0.3657322325060801,-0.23208312375482476,0.29229497251665054,-0.48896084886323415,-1.0922625155282943,0.6650643876166717,1.4970125995639272,0.7462933847266195,-0.3856116306526393,-1.5135167193553463,-0.8017982336199669,-0.46082269247503566,-0.39988523457482106,-0.42505288445197037,1.504971072478612,1.4431243597811163,-0.27105934241629065,-0.7528932522663355,-1.1893926844214608,-0.3831997156887717,-0.5053623872405689,-0.44630407439334985,-0.5519034106366988,0.3873190668985386,-1.1977913159826625,-0.10881342220518377,-0.28292573265967025,2.392925970748947,-0.4920164274456138,2.2175846458956965,-0.21570525405830857,-0.11498771373884467,-1.1777991113509028,-1.669517191680826,0.1842196524388279,1.7084757601977192,-0.7655181577102433,-1.075498115549004,-0.01540343035412744,-3.54612735289124,2.7679027841593298,0.018819496338694685,-2.0276375285769848,0.7378953364872101,0.9445263853209724,0.2833448727120635,1.3880768652942377,-0.5099784940127887,-0.3489901879588364,-0.08792706520516483,2.4910415725448196,0.7057968481180864,0.33339433266097745,0.9277463838604421,0.43657295521174416,-1.5382556107503074,0.05539024333027586,1.00999155287787,-0.0068128703316730045,-0.7549148053151639,-1.0790434592767861,0.2543682349380201,1.2749010643206606,-1.1180207853031936,-0.8649519968537337,-0.8498604428790985,1.3499965022844904,-0.6720596638188452,1.8618165901162704,0.5614247220553198,-0.3260372776286352,-0.6529147378223397,-0.31898349828102357,-0.23603060342148632,0.5777073082461582,-1.6278112739638002,1.6658469228984658,0.7152094088651839,1.9942109939088615,0.14357914011517894,0.17358871878638013,-1.6900839980424351,0.9025729517143944,-0.5072281969498882,-0.13813544555830085,-0.2727333109499165,-0.782248966856559,1.8685917377629835,0.5792387736723098,-0.34830275311909026,0.7328920533905251,-0.04581654466088461,-0.23451591717411516,0.2580214461823457,-0.1488391563131288,0.21902452507158018,-0.11051852290047096,-0.7859593407176647,0.5534768305353416,1.2046731269038449,0.3123798174217711,1.4081693050427062,0.012659762872069947,0.12069547393021426,-0.4294400437754537,-0.6447017677555293,1.5672784672819025,0.5403309441878676,1.751117644540493,-0.40112150195096846,0.21451550913637718,-2.0363518060449084,-1.313050326680794,-0.18119105228292542,-0.9698477826149029,0.09004855290855789,-0.2759136324078964
-0.040381816417473564,-0.6506965956955543,-0.25320433415589294,0.3499587441974203,-0.020915403122848293,-1.9464652166518825,0.1371478195973645,0.6827228779931724,0.8002529049973024,0.39814438583855244,0.9405201970236033,-0.7553016470127374,0.777285195011014,-1.9284404756089326,0.9266884393671133,1.6790490097856154,1.1527714661824142,-1.578123182490286,0.17838551240931064,0.6185010874719161,-0.419887271707908,0.3509044259395944,0.9699241682742437,0.3549790083731605,0.6381725899466911,-0.85882719423706,-0.150712716755816,-0.17671773209858074,0.33417941772332993,0.05598754949683058,0.7949516768455865,0.3286290072667249,-0.37363124936681114,0.06577471263577948,-1.3086151963061452,-0.31257607075501886,-0.47117835540265024,-1.8730261890688396,-0.5031758776953097,-0.2226231220987918,1.9124027967216728,-0.7911853401402572,-0.025195360001866438,-0.016442558739053696,0.43286980385350077,1.043053041044431,-0.9336665319977191,0.10614677238493919,0.5223887563078929,0.9593344165170682,-1.102833348995741,0.5766889572723198,-0.406969435260288,0.9577929333019788,0.11256526058428346,-0.0697411190214033,-0.9620467958221817,-1.1300558160745036,-1.058887330341,0.10553357066363804,1.279640936006207,-0.45490691528884364,-0.2101078444519745,0.5786151795007412,-0.8698110109431926,-0.2335687412953849,-0.8907066684726138,0.2711079707806819,-0.18935258854620593,-0.8162674803654478,1.2560025787060407,0.0602720696915905,-0.2776477641052414,0.9655746658871498,-0.8996081798269427,-0.2832774116875632,-1.4997058465674993,0.5872763142808191,0.5241577828935062,0.6219840295940102,-1.6980618119908155,-0.6168404369624284,1.5974349492464925,-1.005572103030674,0.1490977526764662,0.18014398074419938,-0.7338149931189167,0.6228222573480168,0.7702381194293301,-1.579409874011544,0.7212864333507478,-0.1161306879825917,-0.46695425925102996,0.274677227232511,0.40288129411969476,-0.18458236353898227,1.1890849911150663,0.1434304036664055,0.8509298252417845,0.31350048160927874,0.8588935656526655,0.720651140763139,1.0223086991930617,-1.1760274027919277,0.7198477383551412,-1.0742743577243308,-0.08329028961691348,0.7013913777372461,-1.2609045880512697,0.2935577934146787,-0.09254056244121128,0.4310230374797493,-0.3520597831443914,0.28548666184787297,-1.3679323490650792,1.4916982354989816,0.4164303015763789,0.5557005944023036,0.25141605841346104,-1.1729862929042811,0.2670258289961552,-0.06277300847780008,-0.16000851736201238,0.16616071591415701,0.6711280826532873,-2.264386841604235,-0.3258315276318434,-0.40626970897529346,0.609536417035788,-0.41781779776319483,0.38656228690311606,1.511123108846592,-1.0180681548440127,0.48758348055538386,0.7195646844548973,0.7419768682336663,0.1424945746222138,-1.5424103848772706,0.00093787496143363,0.942728814939774,1.0653951726829272,-0.5485713061012537,-1.0001386307690376,-0.621196479585151,-0.7743133431427206,0.2656388242327491,-0.11334487857466928,1.3662244518131292,-2.077058794368981,0.7407943453127415,0.43103948747486415,0.21202343933118403,-1.9747761025746065,-0.7990776812897701,-0.08643446530437038,-0.5955694862452663,-1.3722402476440587,1.1599710544376258,-1.3156158213542894,0.8854421330394385,-0.3697791346173819,-2.846386014732712,1.5118185140579878,0.9321234178452587,1.446668360475542,0.36983344035665294,0.3766780432428753,0.10424812156511265,-0.7374173268865817,-0.12607312924957365,0.9134502800163903,0.5029762060754714,0.056034725837042956,1.2105549125751063,1.4595308896205543,0.37699052514149733,-2.2381713279329456,0.05186541093222132,-0.40462064622298965,-0.8939488505513291,1.0343111342367468,-0.2755422654849501,0.7504210654700021,-1.0024727128467903,-0.735818853344368,0.5842749592744516,1.3689531641367019,-0.42862775488539334,-0.4161966851150909,0.4356908026175208,0.9144544016213504,0.3102042476673494,-0.26078737965441917,0.21092198578409221,1.5684540102087423,0.3252370710854366,1.7933879170916929,-2.203341113781871
-2.622644281835101,2.458990014386254,0.4009187690431995,-1.026148745089477,-0.43851661470430536,1.548666002062528,1.065706747065439,0.721030107026634,-0.07136922043415066,-0.5177707129591899,1.9043393999583107,-0.121272199978424,-1.569264033092079,-1.7774381564421167,-0.13100971409911477,0.02248390072148364,-0.2566853054552232,0.5756394820089109,-0.009702181418923693,0.7044371754830514,0.6520500108012464,0.48400442724161125,-1.543090466514952,0.3104308949091747,-0.053901237851181685,1.0657488036470748,-1.9136908688942547,-0.22477125240114124,-0.27216421808190744,-1.3636515440647907,-0.05734355806362236,1.2771727823883579,1.6815572807742882,-0.8148399978472385,-0.9932990564590032,-1.166610151239119,-0.3082997968571513,-0.5712738388713638,0.27399355653435636,-1.362344687142359,-0.8364090682895583,1.1619133011296974,-0.8955295862236615,-0.38895330933071925,1.253375882570959,0.2364204844320402,1.2860352643102066,0.7361325484780971,-1.0085212210290255,0.7640948513663164,0.8237382054455109,1.3544701843967142,1.6603678646077584,-0.9858979495201262,0.12289335615198795,0.3994258061169239,-0.16844850774281617,0.18112717891306027,1.2066172108467095,-0.8996357256984523,-0.10122302327115087,0.2826321441573639,-0.17684346915471116,0.22993219319171482,-1.0275361490725654,0.5318893278848853,-1.4144710529057194,1.103397034896556,2.7581658900387866,-0.7420391018471053,-0.4120930580123468,-0.6511108229434759,-1.0637638036966546,1.092480687833115,0.36294303263135297,1.8418264868481569,0.194477251007942,0.41515502442318364,1.9536459335471958,0.6693492081810479,0.48306028372098964,-0.011083579508286567,2.290091623088987,-1.0937543051231389,1.174445656000084,0.03624414514126759,2.5609482570903155,-1.157218979784103,0.25402698873921753,1.4923297880662358,-1.7012847696604705,1.3097137711506484,0.5062784910172534,-0.5325369102717372,0.31282822034054,-1.7809302956365223,0.511699733978631,-1.2967189972957953,-0.6265357084589234,-0.6400540859363189,0.5053945627083853,-1.431685430949667,1.524027105175183,0.21430500499824348,0.11524832532224576,-1.5468647486058946,-0.9389344738257224,1.5293066994857925,0.4559436700280605,0.34935424036345203,0.624644693513557,-1.0050397843708099,0.40748715461380663,-0.5898245681707257,0.7422923963033428,0.2876153445947432,-0.34123121932691747,0.2554527251024925,-0.842949369228581,1.0002079625209315,-0.6114304108140366,1.0917906554653563,-0.6427580990605167,0.8220032555763205,-1.0555237927093695,1.2205741504612002,-1.1907158920142815,1.0351068324977288,-0.5605524396518354,-0.26527834292263014,-0.06009278075502276,0.24968460197563602,-0.3942347226699984,0.9378210530711478,-0.9032870420396619,-1.6672343603154434,-0.5458331325952879,-1.2345534239237326,-0.34260796696794266,0.06438114644584651,0.9905948488920607,0.9903317507781656,-1.8297529996137898,-1.0221046479584732,-0.38662726388473323,0.6510553267398943,-0.35794910541471414,-0.2827935544884367,-0.15231570985189305,0.5176446769451352,-1.7459446016597253,0.25464374614555363,-0.6198914205436038,0.17654184178339355,-0.4891021753412008,-0.9423561425780062,-1.5380455414898373,1.5102963455979446,-0.41474872405494184,-0.36897149123178696,1.133093413969942,0.8476037892354852,2.1957368668122847,0.6410176358068973,0.002217483204900361,0.8175540163365829,-0.10852311695034167,-1.529338269859458,0.5198953141308456,0.22806643557223083,0.512929280674383,-0.24636507872163302,-0.6223924273935061,0.6155660877485579,-0.05645739355054815,0.3938720489610712,1.9495064585245558,0.13629225857049743,1.2903965343156485,-0.04857871589761535,0.7255171313589615,-0.37743512192752343,0.27541162816583975,0.29894691038560733,1.3770714755933497,-0.031583918620607956,-1.093201775134415,-0.11641861106085555,1.7843492789686088,0.21616550449959446,-0.7615234117903172,-0.392131106435593,1.2545180866516719,0.44604004517889684,-0.5643285667896446,1.0739822493864968,0.07846283060103874,-1.8928503305376354
1.0679861260258816,1.852142436304559,-0.4963099411697423,-0.61550147153869,2.3143293415424746,0.8229641518563655,1.0499563932180163,-0.16455024695867687,-1.1857051965934595,1.566863120048065,0.6954825156099008,-0.39334529675987073,0.33123590209997417,1.2946738202930952,0.31395469328525494,-3.4292655351178856,2.2690754632236754,3.127075971602622,-1.4341252098204729,0.6365527036195314,-0.19266156084803265,1.4080093749990523,0.38769316947321625,-0.17268361732301726,-0.2681955884152268,-2.1062119269675748,-0.6869417051869814,0.8557265732699786,-1.1951648886260198,-1.268776708123157,-1.3284001094142985,-1.087612222540367,1.3979235982986817,-0.4948795366531417,0.8376934356629941,-2.358746905452428,1.5791527618738177,-2.45491606500301,-0.6208299387927296,0.28048769813183577,1.3511655230287976,0.011136062095083582,0.9076757004175346,-0.03365528225077644,-1.1166575341209566,0.05988696825531155,0.8558874164161184,-1.7293086760768668,-0.40129770405189535,0.7223741760565586,-0.07226666536017733,0.7459794570761434,-1.0956410347019103,0.7266625934670125,-0.20836126623870618,0.7194783511593216,0.5205089658559656,0.09249883197684283,-1.0880546185837154,0.21991084111927514,-0.985355237451901,1.3005190384014482,0.4018726988185556,-0.25406186977699813,-1.9419909103573882,0.2024966890491681,-0.7564112246634502,-1.4630279343662231,-0.18889086989212167,-1.2709186573234483,-0.1263506451632704,0.6174150569401001,-0.6530095471680213,-1.885589898873009,0.5591995939680926,1.4775107254843924,1.437254054496004,-1.390266453446107,-2.326984509999863,-0.5936750249951087,0.4075800698257399,-0.11565737435754621,-0.8034878740431949,-0.2749124111134662,-0.6411607434532159,-1.5365619344224863,-0.3542255399859388,2.0663611223054783,0.8964644626582228,2.8231923324928996,0.45047502936036515,0.4378700157371841,0.1444827886585508,-0.6277971991662081,-1.2118101615009746,0.20869758831673701,-0.013906422302291036,1.4287703278578727,-1.221783989111854,1.0438017936279593,-0.632313985235657,-0.23336844661712805,-0.9332130829358931,0.30480501091441276,-1.5300834631577462,-1.6578098995057513,0.7956779034942705,-0.055526224509634604,-0.6764162781190219,-2.2896580277796077,-0.5078082328407395,0.43306041255101774,1.0417433484959744,-0.09310246465191163,0.7672500727251477,-0.7870329190789772,-0.26330323455331384,0.3930827201643907,1.5539320757999968,0.6845493388375821,0.11759484095383838,0.8356784946597715,0.41066755063738686,1.3643290022708883,-0.7038554432148383,-0.9127942520204807,-0.5092150028290593,0.8991522523472952,1.569681424701955,-1.7750177135844836,1.9844289682787828,0.17918316110848864,-0.4486782722044667,0.16808115579443444,0.7427897316553048,1.0291704807382889,-0.2418320909837637,-1.0892148263189751,0.47102312651317035,0.19152344714648575,-0.8371589343526025,1.3918981926071496,-1.4131603701706454,-1.6921418338868714,-0.7467741640630476,-0.9267191071958497,0.20966874456253817,0.083770150621794,1.22183454582086,1.3647702006835312,3.326772568258039,1.1227844567144405,-0.5176368540403136,-0.2622778596169497,-1.3225978498736297,0.26528531567308106,1.3726019546822092,-0.37703490493631975,2.0349749426522292,-0.2030080096028363,2.0449488803540183,0.045562367005537195,0.6418518284317657,0.09435436953374626,-0.11581392143015395,-0.39372824556529484,-0.6825639184853133,0.5623845623276099,-1.6484808958874915,1.0763204423448798,2.245677724636731,-0.8877368167105509,0.10052484399387208,0.33401142370050263,0.8552050243123546,0.6016135355698492,-0.7764752355135948,-1.150174820479922,-0.1888348145439327,-1.6835898531582636,0.7273024093707515,0.8590379899883455,-0.06857780528817746,-2.8178286975402314,0.06640112714841882,-1.9850727832479078,-0.08137038274147443,0.6323691069896332,-0.7867588762788661,-1.596715744664477,-0.37701007758524463,-1.8135746575731981,1.87315656843744,1.4398550088962092,-0.5819036597089089,-0.42680603246835325,-1.02095430245648,-0.9038285614612078
0.5474172122655073,1.3763518614731198,1.142628681907433,1.19925695522126,0.92508615921855,0.4763326661269434,-1.1815147740051526,1.5431610787096468,-0.9073674994423369,0.00581540706861539,-0.7204948254858418,-0.4058606000112247,-0.32299853953357505,1.3262916314099715,-0.3772505426873054,-0.9508760519118175,0.048138937155423875,-0.8053618300447443,-0.24953429109713607,-0.021105843758737218,-0.8626813461797416,0.4296146479690488,0.9916111232389333,0.8324518008944259,0.6530554627694474,0.10283657993196027,1.1298576119026909,-1.0639585586766367,-0.6238523244855352,1.3093668569766062,0.0659719836017833,-0.11217762218825998,0.13299014735416714,0.9183374633714564,-0.09312383114774848,1.6268792392378588,-1.5954824938578933,-1.6892443582026881,-0.20053234307549925,-1.3651111507266893,0.26654687910331176,0.4296421930610924,1.065677561946398,0.05134806392949534,0.010103270674722952,0.5818865052769067,0.02283985095551748,1.2881511139054818,-1.4911476932253982,-0.38226356677469064,-0.1848602596609099,-2.0466704233689317,1.8905265147069488,1.8287041452076667,0.297791091794271,-0.8875558501286025,-1.9210884238135286,-0.60777667459862,-1.675941103875403,0.4613004046992426,-0.6855237531142561,0.42712402703608315,0.4036480507974015,-1.2006969568025234,0.03665873289581203,0.13732254933098315,0.02927837684144962,-0.6148596898938289,0.5474045426664845,-0.25644122132500047,1.138563986900663,0.07560355437644982,-1.19076524809363,0.28779584116374746,1.2050974765538907,-0.3538011890211467,0.08310510517044117,0.485456053270615,-0.3056260652882565,0.1513610384491142,-2.072252333630572,-0.13313025206531204,-1.1236617294040583,0.21650777899669563,0.4604939276189285,0.4149080491086324,-0.4368225779238806,0.2836754611941146,0.7335755491600449,-1.0489718245031803,0.6573138197376338,-0.20336144289089136,-0.3742434640209993,0.8001334890775683,-0.31794245217982314,-0.20276776070522778,0.8504256869287087,-0.1892572206623179,0.3936481148424061,1.018704132092199,0.5861617175770935,-1.4825492398566458,0.7362070258125629,-0.3400854502922574,0.41755132013405377,0.4418848069628502,0.9739288160058714,1.181566885848211,-0.17795556597713064,-1.0644417814225222,-1.490732547450412,-0.8865380469512629,-0.5909859256426533,1.236974518803613,-0.3423278763716356,0.6114140630738674,0.20689946239962828,2.636841142587522,0.23024934398511956,0.3941024266268436,0.12734325461258827,-0.48470924029686807,-0.6207091344590574,0.41776480029515567,-1.166364722011191,2.0376621144579965,0.5461757130610048,0.3459682484423748,-0.8032179423550043,1.3547144517287066,-0.15386700077034154,2.1876472018587614,-0.16973338733809704,-0.6833778265968673,0.39244070105695883,-0.4552820845896058,-0.3112371816286175,-0.2987681617234899,-0.7376443337234755,-0.670598347185606,-0.8255362930314365,-1.465295839823671,-0.5294691648580129,-0.09152525033664295,-1.6497299566021424,-0.7848865876800559,1.6057140017953282,-0.6937866680560947,0.6041398150171897,0.0008998905823805784,-0.833267255479997,0.31594646784917696,0.6111335651127191,0.6570259263378213,-1.5425187252778247,0.4142238110430619,0.45238435895621454,-0.622548128214095,-1.043078457708879,0.6127352610356267,0.5093897239662696,0.033352575465388626,-0.07718995545720159,-1.4405190156183363,-0.6384382631756828,0.2935981031462285,1.249177165279875,-0.34398054020406865,-0.20065681311848735,-0.9611531797117339,-0.9561629811107569,1.0184877242259822,-0.3738064609455784,-1.7703074548615765,0.23177234597673355,1.324581020569456,-1.8124757654139285,-0.9607673835603596,0.5868240891086804,1.4753936812667983,-0.21138274429062506,0.3437217943669508,0.04563082056175588,-1.8462747968484856,-0.950862365121049,-0.029787689238764372,0.4958454597330005,2.331390015588416,-0.46915790655416084,0.30742979441978796,-0.4728038397266002,1.1271598799507778,-1.1251028680865598,-0.577670836797652,-0.7844229883503695,0.08813258872631315,0.7204863013754109,-0.2833370727930455
1.8299420366503851,-1.9665858058578907,-1.5900213297207086,0.3073910753397845,0.8510061611341905,0.8340883592398581,0.7177925415458469,1.308563528157429,0.49772024004223153,1.5305441705741658,0.18697395237208206,-1.4069783033833685,1.4162928853896257,0.6750809627397449,-0.7646879775975615,-2.4787088344950843,-0.7085535219933881,0.8932994192273858,0.27739307362218585,-1.1027521484034293,-1.1076981437818711,0.5921879602294415,-1.0761369726003227,1.7438682823528948,-0.3904340045316367,-1.507747001802528,0.20107199740646417,-1.2996685944632198,1.35381950072412,-0.823289960331573,-0.49567083911737597,1.0752369189827542,0.3707045615156409,-0.1682076056596068,0.5430926474090781,-0.2311614591069273,0.5389407117584938,-1.2521478042828833,1.4516671250532904,1.267571908696281,-0.06249877093680732,-0.2423105136159482,0.3695996390891058,-0.4133934021117712,-1.5302053773157787,-1.2886744465818993,-1.1090555175020866,-0.20796561346023934,-0.707168810197595,-1.5040073891936396,0.39442957619783586,0.5710849714503785,-0.8158134855595445,-0.6616660271264423,0.2362156114563704,-0.14274888321222975,-0.6505592321334813,-1.012288563051437,-2.141555286159941,-0.047534902250691645,-0.19899408736109195,1.8424136777165636,-0.9106748481912982,-0.08728861309881514,0.12536462777648735,2.1261939564340127,-2.141943188865524,-0.5161003090547903,-0.0684235916990748,-1.6416569354178188,1.8681082357677397,1.7289319608511708,-2.5773542980078235,-1.5463604736104093,-1.9878874235873365,-1.0620334609216002,-0.926224652140784,0.21853311477264037,-1.720087525259349,1.4657230401107295,0.6589572219042236,0.40669286372947877,-0.6952238861376235,0.7445218908100771,0.392455706253843,-1.6306991626931995,-0.8037221767199074,0.5637086180557755,-1.4027627051220668,-0.5772247593850897,-0.4705379194004277,-0.26169260474957773,1.0436840754236825,-0.74729867940697,-0.7417387777647378,1.023830526481989,0.5210201767987287,0.29497491085103056,0.6864757737422285,1.2379767910890893,0.6650885238885004,-1.723108364321931,0.9170471696998365,-0.3404001438125346,-0.4371240721211946,0.9652309999940242,0.43793855702392226,0.679089206451856,-1.6052559642494388,-0.4918913623360601,-0.08266836521984433,-0.07777426369022498,-0.3223900827767871,1.774693483773814,-1.5107411490501466,-0.055771121859433025,-0.8034622687957307,1.247875475589273,-0.6958724142940311,0.24979929483341537,-1.5877704484500594,-0.5277550266028204,0.814254527154224,0.4980696645031918,0.9218030705194692,0.35441923313216017,1.3683394623659964,0.03986402302673478,1.2663468076083273,-0.09982726141469951,-0.6838781493912068,-1.878910035177376,-1.5613908427823417,0.966161243541617,0.7807641946619034,0.8129600300360111,-1.0451809115474713,-0.9153195530498391,0.32725514231882963,-0.788269781433571,-0.660198174750361,1.7895683669360807,-0.3449684114192766,-0.33278745317470476,-0.08166521979424723,1.8904616270915033,-1.0592730552668668,-1.0235523163399407,-1.112280897623797,-0.22475276643193864,-1.8782574802373337,0.1945927638257039,0.5909351115121109,0.333689149574694,1.6504245089015641,0.49080228292079614,1.254840486426356,-0.08656040579361132,-0.32281857268593317,-0.6540474875345624,-1.550913571076253,1.222248181412228,0.804597864046123,0.5811511602369295,-0.7643435097875247,-0.31259398884703554,-0.41666297616338877,-1.0521053602885297,-0.351367340670341,0.4258845451270483,0.2560572049993033,1.2990533695449904,1.6231757771181758,-0.4762130569192091,-0.7348846282681476,0.25883578394522405,-1.4734020702684043,-0.5353721418428898,1.0100515375101513,-1.2836768841990247,0.8091523524386159,0.6903242985381711,-2.0270588812072545,1.1208749392865744,-0.997865646003469,-1.0945443674513298,-0.1947471546035823,1.3420260718304713,-1.8144838429316479,-0.8250896574141922,-0.5364430554754636,0.16804051675818635,1.9279520313088687,-0.3640388680305101,0.2632316983303315,-0.09465466587399193,0.7414288711483883,-1.6317284367586085
-0.36359590567723743,-1.7538565422675911,-0.9424004076954484,0.943833634884356,0.5505451491596319,0.6216676908869907,1.522112522417125,-0.12412885053766948,-0.3297534067134166,-1.711290038065024,3.1756148675949865,0.00489386471615821,0.7758232605540004,-0.9157424888009725,-0.8322515821321775,-1.829795271049243,1.7151329311356045,-0.7238875481613586,0.2062314084193341,-0.020860846302293908,-0.0012761148589762396,2.776089735731744,0.44362199282357667,-0.2978060250636049,-1.2921037376196063,-0.1750277017934718,-0.0027106038154946052,0.3148415869444956,-1.1708657252803436,2.21324287344033,-1.8363650308885748,0.6779896245350417,0.2782254302969361,1.5112851650469075,0.3878512855104147,1.043610080477946,-0.6317360666847481,0.8109312557119381,0.2387286620055068,-0.05379714549065785,-0.9272534984756188,0.8875315823136554,0.7641267862548686,0.4219370313653401,-1.227130045192389,0.16958990533045024,0.2498864278653897,-0.5439590088878243,1.1558313724812062,1.6734283312763212,0.7621299583507772,0.6437055483806658,0.37534807998345404,0.8174956096368285,-1.747254989868178,0.1850978854973146,-0.20865968272159743,0.527732498378869,0.2849134569994068,0.31868755738079957,0.7300200007480396,-0.2984337210960536,0.06129458615990577,0.7883002274927188,1.531158237669414,0.36260556748647976,-1.8688115103187344,0.47117017025951424,-0.5039370911762214,0.7310105970537698,0.5758759584925389,0.48173788894107616,-0.20558166928450652,-0.6861195330645862,0.5425784336302932,0.5652548163370086,1.3376340662380342,-0.18819457317134108,-1.5147459577182334,1.0948550667468133,-0.7805980114839428,-1.4585137947898272,0.5264024211530844,0.031227631358006557,0.2769216948005769,-0.45674990656162995,-0.6336265795992837,0.4322825028209,0.20190473998578745,0.19639897291750755,0.6029206937075214,2.1088887062226918,-1.2528717004218752,0.630593730468243,-1.259078171575555,1.2068259838602595,0.6883322630527653,-0.4673582935591841,-0.5121157988571023,-0.821281594007005,0.28840407149713443,2.4200517383962494,-1.7810193550902522,0.7566257366054866,0.4674834808029236,0.35775965662302744,0.8859243815403981,0.6420765243928128,2.3957235871617675,0.4921841683158606,0.06109836478744016,0.8188312518614704,1.0036882749664504,-1.0037144043861133,0.6114821687550718,-0.7138321368713348,-0.47134859237595694,0.9003480436305239,1.5137884086703457,0.27119909581591745,-0.9199695413221568,-0.17258936465794286,0.18031329585872055,-0.32895259692174855,-1.3521552963059902,1.0657329800855302,-0.8355346216976058,1.9942138324232095,0.9479882080729907,-0.8982530315124644,1.1746964331498082,0.04755458113571908,-0.05502379660740911,1.0120123201716287,-2.402472378545778,1.2424626857754704,-0.23393337706820663,-1.1056604233695313,-1.3956277856299029,-1.1437459704945347,-1.0154585231799824,-0.7363944722039468,1.4267631695615945,1.477198928274078,-1.1235125704515503,-0.7975897493172568,-0.29488257388786115,-0.10566466587849058,-0.3989093967401095,-1.2730365434531818,1.6926947148833065,1.7574295033367369,0.27005274236082766,1.2285069238308,2.0127955590207636,-0.20719008722077392,0.5142462967371588,0.11598503834686802,-0.9824450887091175,-0.5673554093111771,-0.1301640274431598,-1.8606076928406032,-0.8662540898503577,0.9739571177092917,0.30305565842455556,-0.06346019759538159,-1.6115131791688957,-0.1608546489841558,0.4837425460909354,0.2516242868724671,0.41111121402299916,-0.22221537791632925,-0.39325475667620763,-1.0938773890235296,1.2692304052895593,0.31790273194063745,0.17101708111556313,0.4006101442488997,0.764947343116349,1.1178599185082234,-3.1119344723455145,1.7634827227262595,1.1104871597694892,0.9438698901938383,-1.6915437771746107,-0.6008349323920169,-0.12200630751789325,-0.9929031402046077,-0.02366975130260942,-2.0457376239443517,1.1581057969906277,-0.02524853373942092,-0.01910539147618644,-0.5307888824779486,0.047698544122769256,-2.7202362994185134,-1.872051367491513,-1.3739240793902607
-0.1519677832842208,1.364348797470487,-0.8374718051698952,-0.5168939641128526,-0.793448471330379,-2.0064713659287743,0.10474721381831426,1.5869515849650553,-0.6243658227091724,-1.6784967296003177,1.0926297368004365,1.027510872159299,-0.007086862845522467,-1.4717475715071962,0.05237848655972641,-0.6072922403901829,0.5106651074764033,0.20917328163712237,-0.4428486463647317,-1.5660769178427787,-0.013184973204533119,1.9540202584643052,0.2066054232128888,1.5255502782027919,-0.21701009401482407,-1.1401403029235675,-1.0502846726451829,-0.23665695195725198,-0.6403860242243811,1.8659352840062429,-0.21256037440104483,0.4175504694045062,-0.07517512814434148,0.09364086240013687,-0.511276492662159,0.7973805594778165,-2.5853415324556384,0.27233766843779655,-1.2180447667289669,0.6834993567194091,0.9518792041739086,0.7988210798098664,0.12907812267436056,-0.15231058895691799,-0.9525836428239902,-1.9037128154543201,-0.40360589208883496,0.2623280234559874,0.5285319696932913,-1.8020575026935421,1.1861789484247869,-0.04153887309899588,-0.7271840930626507,1.3004141127504745,-0.12013016236766584,-0.07627868297476723,2.2981307858824733,1.3327700293454947,0.4098055192296193,0.8991365022741781,0.5820769137264611,-0.08118267919464808,1.0684556417914213,-0.13220429064609587,1.5580473885537274,0.19431004433034707,0.5309210225799786,0.4640302807109143,-0.6532110206620999,0.3313962716902925,-1.8074865631572314,0.3540746705967039,0.762210549427649,-0.12978909755110435,-0.2922846172196853,0.9885872730659413,-0.8666215328745094,-0.6468370924540572,-0.28861307229990213,0.10009177672973502,-0.14859620787249603,0.053702049296086136,0.40033662213935683,0.5886299563826873,-0.4913519448063182,-1.5893482834426258,-0.8081729436569665,-0.867145223214482,-0.9500045639759318,-0.18964941608145425,0.9185152427062598,-1.328637787734866,0.6489128361659182,0.5466166789615768,-0.5080704643335843,1.0201824176213716,0.07767759745916421,-1.4126195976319977,1.2528262598518851,-0.42131164499345125,0.20027260940726177,0.4191095852240082,0.8555651465862478,-2.44330505250829,-0.09745866676989806,-1.4402546671138396,-1.6589765507818695,0.8586436667770121,-0.02729668015676425,0.28677261754335204,0.8578669025806828,-0.5696543111311161,-0.09071392701695263,0.3962419563077969,0.22288182339307494,-0.5055497444584524,0.6363768142743423,-1.0377807551689662,1.344684066193243,-1.15320610220935,-1.2955434827903665,1.670609427404093,-0.3225568942371719,-0.5830695025335552,-0.16813995941306312,0.7212479012046616,0.3591604399454608,-1.3427045624330778,0.45091121674436363,1.6011302507548164,-2.2852174311986864,1.1921373595526892,-0.35299768456062114,-0.898802346349455,-0.30370983590030665,1.3498843876016329,-0.7652155965712167,-0.4806143476893418,0.4798693789448887,0.13869658157759812,-0.39758813377136076,-1.3934648568814973,-1.1167397253317692,1.2176377270717278,-0.9702795903872314,-0.06417354074590445,0.31212065109779535,1.061423392607464,1.0272714425282103,1.2380285058906704,1.0430488038854264,-0.3568490462025955,-0.0762241791611902,1.596327965957286,-0.052506119073229884,0.8241232500206602,0.6266056483346588,1.29898961284347,-1.4178978010603946,-0.054903553481691146,0.15400112408620034,-0.5698307954365528,2.629090681171538,0.6184459826166802,0.15870656134409244,-2.1003578457665997,0.06828875377505117,0.06258062025249984,-1.6804812211512663,2.0758197368896885,1.808401080502037,-0.2592097783331601,-0.09397917144658743,0.8962458169385566,0.3663587597238772,1.0429597319919812,0.21787250987954004,-1.0970572331438289,0.7391863329516588,0.2329124838405083,-0.04169346972014687,-0.39250786287262085,-0.6280843940289786,0.5951779051018479,0.8974882441315959,0.18694716399504466,0.18563569798852822,1.5020548818577377,-0.2683912304112485,-2.1462929798833317,0.5712347089104345,0.37946710240176734,-1.4526738485747748,-1.1486076226320356,-0.7673355715380763,0.3090808932539953,-0.26733955519860775,0.09368074209861248
-0.4378289313841572,1.4253517554048498,0.644730567764811,-1.3802724520015235,0.9885620205375293,-1.1705032174112462,0.3934786443259802,0.12482437084286405,-0.20444825417072623,1.98948110151296,-0.0762749648045429,-0.38486557995388015,0.5131067134015649,-0.9328229654185697,0.1557846951973834,1.038310989773678,1.0061572452714487,0.5461197659444237,-0.44570246242049,1.3235966970749273,0.026858193429478438,-1.2400930876411396,0.48232180938143815,1.0458515190186828,0.9009678109084431,-0.1246809675256599,0.25254651227527963,0.3489853395890021,1.883006595545026,-0.08827887123610621,0.39796423569010664,-0.22912174068908128,-1.0155412217284976,-0.35982204997958983,-0.5778155040658554,-0.6729954088060052,1.3134268892687746,-1.897896111775348,1.92025542016776,-1.4053160945179934,0.31910339967333107,-0.7335726330333091,0.4144189284894189,0.05562946093192931,2.3148094521988645,0.6977883571772806,0.5842578324338535,-0.23041146536541496,1.4307759086487961,-0.28135077486761123,-0.5890118296761226,-0.9135267440311936,0.6532709288426072,0.6855553360756992,0.4126912642573739,0.35678126420306916,0.27394815444856313,-2.045613897115208,-0.5849748770214025,0.0680824318636769,-0.13424367898192055,0.1739565150538907,0.5165518099556803,-0.9893797567104209,-0.871842108934448,-0.8379324770875587,-0.3781731428290528,1.4410114803264753,-0.15095870735256448,0.7876199406134414,2.379567341116515,1.0422689323159253,0.9755200691838942,-0.053678376972399834,-1.1046250786959708,0.25239077797280524,0.6525388003942337,0.48161663377866726,0.0952079579301818,2.12583686370253,-1.1280112743250685,0.026115524867424012,0.3747986531948158,0.3426903891463121,-0.6383493520389033,1.6143298156292527,-1.7125084924272944,-1.1913643367674824,1.6393275423343459,-1.645572390136527,-0.10865944004843017,-1.7325502817224392,-1.4656755223640492,1.1381969146515691,0.4111163692431959,1.3005664040068345,-0.6346366558449065,0.977459714413316,0.718754980645523,-1.7183467774719572,-0.8501733912330067,0.07642957028326465,-0.6911279545605934,1.8981090163844119,-0.33785398837442665,0.515742146098623,-0.8927429686141971,0.14617486704125313,-1.4203132405920713,-0.6423528896938162,-0.35167128224923855,0.3469183008662381,-0.9195724284101254,0.008928666042654151,0.29496054824016066,-0.17691206948583074,0.44980770912188445,0.09469126769214985,-1.3974384125805157,0.3458482985757724,-0.39194051506772365,-0.9576184459043189,-0.5520941970932818,0.5732629247296842,0.05669864717365513,1.1366625389832286,0.3402713779790443,0.32903060047743155,-0.6228473729941766,1.0584509440481136,0.7305171623099028,-1.264109371537454,-0.10261744970787177,-1.29537243424031,0.7257828831427017,-1.7630897702032162,-0.9291335839564698,-0.4806557914066053,-0.0513844290149904,1.080675860937139,0.1344130066452529,-0.5934748448528807,0.00024964595141544453,0.7395884478293677,-0.18712194598752452,0.6727216468181669,-0.23610193733133758,0.6182366289459278,0.3429240859921287,2.1147435494047264,-0.39770129886220473,-0.9168539671946836,0.36444120347583897,-0.6188751368082394,-1.4315507364972246,0.3606592459031579,1.625965193579361,-1.3149575429007785,0.7178710578628347,1.8379928644437087,1.898184836995973,0.8511992517932162,0.7283958482215267,0.2888823046369595,-1.5465696283942105,-0.23948521017928603,0.11151078473291214,0.016086129033740106,-1.1608055863330966,0.05632964761925319,0.48555960933749176,-0.9232348343150971,-1.317894563240215,-0.28379400361086277,1.4960362468451192,-0.06392460213089574,-0.5939618935690318,1.0410645626833657,0.02003952267558796,-0.03751112173192931,0.9278136830189099,-1.0266530480946812,-1.8992793587727046,-0.680610477331188,0.20510959138988386,-0.5012283822828824,1.729144910213069,-0.4113107553170644,0.450101019685199,-0.05832817542290497,0.4110258341673076,-1.46679744262848,0.30149114520588743,0.6133448316327123,-0.08805774960775234,-0.5431875508197815,-0.39307754295047537,-0.6802575856778382
0.27564282772236404,-0.24096656430741786,0.0704799345320381,0.6517631196209049,1.1396074779854433,2.6881167521633134,-1.0455700818964164,-0.10362171978827886,0.6826752088045728,0.36392129628160763,0.5271088421506587,-0.43398359410039655,-1.318208627502975,2.1865561567164704,0.12388989719048073,-1.0807659335324153,-0.6007750516135222,1.0416360237192732,0.2012137713280266,0.8498019251660782,-0.217323894104056,-1.0862603406904119,1.6081023272858876,1.4251341597245435,1.0200153850642601,1.1698639442823509,-1.2280450564163397,-1.2114059879513792,0.0168885450002345,1.5046662469882133,-0.26331469486169073,-0.16392244869562064,0.9054187478440457,-0.15931542402897914,-1.0438201097033486,0.4319929001412979,-0.08431637833817535,-0.018219928671344067,-1.0146777971712824,0.2225625746431889,-1.3908574827842273,0.8547297037900528,0.3690293133915192,1.3925572761461338,1.1549254323456521,-0.20593102085377485,-1.7012931049050286,-1.353543061749561,1.0532964246160759,-0.04620403828624571,-1.8343122869868564,0.9443765588187452,0.3317361352337937,-0.19804462643407145,0.8776740160684726,0.3865716036693741,-1.5458039852365992,0.05039175431233104,0.9066536727958399,-0.9189912104478342,-0.8982226674126154,-0.1458564841549126,0.1457710891183885,-0.6424358164125428,0.11058449912251835,0.027242725390806983,-0.9180853696685917,0.46489950332203317,1.9200773373100337,0.9105219291989273,-0.13225767561089305,0.13401564400617103,-0.42788557319220827,1.4767705335017145,0.005686547579947115,-0.27460112670843856,-0.19528510024451454,-0.07690299929403853,-1.3727898940640484,0.074409865970461,0.4381954704036575,-1.5963299809116749,-1.6379582604223593,-0.7955313660011776,1.399790905519138,-0.3579155683467975,-0.6402986292581582,-0.7089932390359336,0.5121141120076205,-0.808872014191635,0.8637816201139815,-0.06167554948489467,1.1392412248632853,0.5317002423489361,0.964624965106118,-1.547683915513325,0.8285486931865468,-0.34029776275677676,1.7942866891146216,-0.9118930044609466,-0.28903854956035246,-0.6673505040264821,-0.6651171965934173,-0.9933771961432889,-1.037751232978149,-0.14991772378570892,-2.212841150627211,0.7684312025244812,-0.5528007127569593,-0.12128821895401738,-1.5826327502726025,-0.417562230903225,1.3422658436446107,0.22265022544250687,0.07504671814555298,2.0083714895269655,0.36950833178018416,-1.628311732378718,0.41370473024524856,0.3238532060873038,0.8292239362291817,0.18009416676786377,1.3594400392885546,-0.18847754953687934,-0.16501661385127941,1.9539943942333,0.22829121012136663,1.3062788556279707,0.0420157083608153,2.270775062416978,0.9259068044179412,-1.4240107824289416,-0.31505013181118285,1.4518075190556372,1.2642325555617144,0.7818329623610993,-0.215275394343349,-0.6300839164610115,0.8719755647149489,1.8105839859504447,-0.5231726980489256,-0.8378202915409152,0.2336373132051863,-0.31884319246573445,-2.7521408486215204,-2.1590487603056068,0.18853434495468016,-0.8168751093120373,-0.4813456318599592,-1.5866401488457573,0.5036974233101327,0.017432285557544985,1.1509715956584752,-0.5845574575211862,0.09625343257440916,-0.23118874065943107,-1.1202941959721642,0.4216161846006878,0.9879434737313477,-1.0182532620135134,1.7042682678428829,-1.1569350925795994,-0.9134487705090992,-2.462073956292657,1.0358766843639935,0.06622591350083297,0.40801891769980003,0.9684147620689546,-1.2936413929358876,-0.27685766959066477,-0.3139911304279169,0.8955031722325427,2.13056035237716,-0.7203494689662316,-2.7808187757167193,-0.31566831278748886,0.8613948469242578,-2.1483835229898927,-1.1728382765899785,0.07680154979886804,-1.6697555650533438,-0.054993568173213964,0.17718648590375388,0.007737009224922367,0.5912934173330434,-2.1268143875265975,0.9070638748561788,-0.6952767637939141,-0.33749309170081115,1.7593795253787365,-0.972779558433553,-0.3738914979579442,-0.554067406339829,-1.5813607915301506,-1.1006501287607047,1.0487036603108622,-0.6929645012359876,-0.7415441336353711
-0.1558109828419942,0.609567547023652,-1.0792917682427965,-0.528291580869376,-0.8915913011725934,-1.4911694363963384,-0.16511561162265032,1.6333422529877109,-1.78249267908013,-2.4059902623577005,0.4574818330944614,1.286376276183846,0.5191616578710685,0.6261271592554662,1.3182507325535824,-1.0181765111514014,0.7217961198139108,-0.7745428039556402,1.816349211720097,-0.4366241051735797,1.6090614012536801,0.8524148714295118,-1.9255492516994361,0.624890627935717,0.44034012888372026,-1.896211922643155,1.9522012886361577,0.8342115221594896,0.2510646630803941,-0.25970979758564444,-2.249301850990214,-0.4066055318464224,0.5539704378751641,1.0235983343050805,-0.3018916903581528,1.3248764777348692,-2.960444911252452,0.9902630098271871,0.031691287625017016,-0.12580886449574624,-1.0969655787768051,0.8636136227376106,-1.008580413962163,-0.049969971176369615,-0.35118847147772836,-0.8574002662761276,1.3745206891808102,-0.5554326932439765,1.2501498042922672,0.41041972803379334,2.345858318899393,1.4948218840217788,0.6121021382876717,-0.4607365537771698,-0.24712122983550422,-1.137852566669386,1.1261598413667466,0.2299107066663783,0.5615939602838408,0.9989491923092616,0.9733106866333665,-1.9656993314613334,1.350270912048878,-0.587499088605654,0.8735649527626074,-0.27418364197536793,1.5919632000577977,0.07497260186297698,-0.49300050877377927,0.5685082326858075,1.1366358969609296,-0.7520046404116086,0.1837789755999934,1.2166262168505433,1.5824596638375008,-0.4631997582034717,1.2825684876934804,-0.18755660631155405,1.0466169890710197,1.864511023170221,-0.8745217178009792,-0.3900952678308793,0.5911752597349826,-1.3172996369612233,0.9034223300169313,0.22730303573689992,1.3821731346309165,0.08974037848691956,-0.6052082468367054,-1.7876697375788049,-1.1542813445049773,-0.6110562096609483,-0.5314107148061897,-0.23841497629810368,0.6993008254879829,0.026733168366667316,1.883513301337452,0.928730533880491,-0.4866587163078467,-1.8649224474297863,-1.2234562541157759,1.3062466813759825,1.0397136552678983,0.35345998669666495,-0.9289240766671786,0.4397104749242835,-1.2839655200295113,-0.21191812782121683,-1.5999541551794974,-1.7759777575010725,0.2922612418103414,1.3351249084522612,1.0127787389776868,-2.1644331378877157,-1.3125577470005623,-0.14925361452904898,0.17862407102588726,-0.6915543843148625,0.13714506016310393,0.8319003961476629,-0.09086974037961636,-0.43550841436817883,-1.4130531426222088,-1.3570150114624886,0.18339884805462647,0.6597041734585097,-0.1971591943356309,0.3197308276350655,0.4703775157103271,3.788733149105236,0.4506087912427821,-1.4274082250404745,0.2450117067768122,-0.12547543123865643,0.9907097974622361,0.01880647694843206,-1.0214507449894494,2.4191736553044505,0.3532225883710287,0.8954508784970348,-1.0514356723108456,0.9230181457684544,-0.010645276872202016,0.6205075146626314,-0.07873785507402944,-1.1245550677712706,-0.1427746030573324,0.03266072327868796,-0.14368547369911597,2.0796379671556724,-0.955082790133967,-2.5122957163307467,-0.4392731505829713,0.6715393634674566,1.2847725494608055,-1.2019275414446993,0.348848734172929,0.0334372323165892,0.5475270379974294,1.705274481543033,0.19451621589058823,-0.529279962955014,0.9894919457098472,1.0290804443579888,-0.472399624895489,1.5023532692083656,-0.1362165344162873,-0.7147956556557336,0.7310554300230325,1.29703188663173,-1.0691829461022404,0.2300400390953945,-0.3100708958734533,-0.3228955397888541,0.04153138005480091,0.11563342459910182,1.1504333629003736,0.8863708122033687,-0.447152126486847,0.2309184523807814,1.2841144306834769,-0.7170849281786844,-1.5433898630750718,-1.476598371269479,-0.9016645851847004,-0.26482347272463,0.7870970204335085,-1.9719821289632855,-0.5123627798779649,-0.9386135629757677,0.9315018501005762,0.40469085177748715,-0.6275777668265378,-1.0010000632134766,0.2323048250401249,1.4296549839661152,-0.2106327300911388,-0.8830862397163356
-1.5967646340635044,1.154854553429324,-0.7251701834677116,0.9684229392315667,-0.2729242677048887,-0.1034761131249324,-1.3005527782345145,0.11634328134143505,-2.361382224960712,-0.5255762657904735,0.08737489479068021,-1.1869486173530426,-0.769317537702068,0.8431198918833275,0.30691127074736596,0.7258765962391304,0.058180541067253205,0.41113139668430976,-1.2167216252147623,1.9702507702196077,0.4263257631383026,1.5128312925597618,0.13591946515281456,0.16621176699474358,-1.9645365588677481,0.7867799173771804,0.29624909254654913,0.2383788858102817,0.8511386897384372,-0.008479093588044344,1.283630348053361,-0.06624893123576012,0.6816976103246312,-0.3609345769846697,-0.5229048157467074,0.5740997921892839,0.8838326145772967,1.2651190650438755,-0.4493235475824504,0.28711013082357867,0.8243203944674609,-0.4205687887577455,1.247435319481235,-0.19109241249640335,0.05339186634892268,0.7699947909012629,1.3133840899206084,-0.5914709837550245,-0.5434585004980622,0.056850963386955285,1.1361576715024726,-0.03266891068588712,-0.9435371626366946,0.3570980012717623,0.7353061260336231,1.9806472058893174,-2.1128754147281925,-0.09543294881420675,-0.06337586181923938,0.9213495689087434,-0.7264168153829608,2.910191909920556,1.108222164324045,0.4788744986246778,0.43973782724898286,-0.12412436392878999,-0.23889086032261225,0.7959571806770157,1.7427892368815108,-1.1046935315226847,0.7279192087728611,-0.8084659781883261,0.7943831050350213,0.6898803494799057,-0.7950749739315309,-1.0168110327768805,-0.8265989253951868,0.9343504539937356,0.9272375819746794,1.224346568061025,1.1942116586149474,-1.1035609929621877,1.4905008471951675,0.6567178463504251,2.0690986496851163,-1.4828474239374645,-1.574658403911395,-0.44581639624254654,-0.7570947006995864,1.5112868233504508,0.13274800084486776,-2.0936944322548263,-0.012355526161992989,0.5267077677468472,0.5093032278762479,0.11023767156971645,-1.9060050514896363,1.5182664285196312,-0.4396704589016759,0.32126647116781576,0.19130543582699602,-2.175872489170438,-0.2981798113433192,0.23665993894770837,0.8193997948089187,1.1464285090133206,-0.08930385374442258,-1.6368730860925509,0.6733756125907508,1.2754790788488672,-0.820850942502682,-0.59232861957294,0.4747587438235848,-1.156961721874939,0.6662861632511782,0.42965021472467513,1.5705363993880246,-0.07241270060794389,0.04794557441362886,0.34129323495195163,1.8119205112319925,0.3770628415654269,0.5958128175694468,1.182518177222373,1.1480454170240955,1.0840372371430589,0.2660023133310841,0.511408657305987,-0.6200839227537968,-2.0483930447003136,1.8631802951474115,2.2441341804066717,-0.5272635287243848,-0.19663476788463372,-0.8282726843621869,0.49897950385523,0.3077485132125834,1.9393786154344752,-0.8886030493678261,1.8339385469044336,1.1014269386423685,1.586726547091281,1.1026880138241784,0.6858353182919561,0.9499421028648465,-0.4548588749151902,0.6263576085551604,3.3146690343238423,1.9902263844913506,0.771681729813253,1.511544938094363,-0.6615614034566232,-0.8733155589486967,-1.3741094216922778,0.45239789025411353,-0.45483791268214857,-0.7811390058421044,-0.09697305761720827,-0.4417617244907818,0.7219880730790236,0.2579466155346874,-0.556268857356807,-1.1036144835999984,-0.3051390868011306,-1.245190734248163,-0.506803924801172,1.0590491996246922,-2.3742240870586024,-0.37564503231065866,-0.1552967244975194,1.4090331520603174,0.5674952069902622,-0.5867033744808564,-0.5773290360227163,-0.01826829645086432,0.6490192144878116,2.1394778618626487,0.5342696760795342,-0.25813134467468773,-1.3964082186494078,0.961711880288469,-0.5414986827894849,-0.8254783067835186,-1.7362979918110246,2.0767056270257123,0.8025654033430483,1.5123893998630205,-0.2278785486915324,-0.5433716422917694,-0.9791721394401806,0.04066653196329342,1.4300845803155675,1.4744267322015776,-1.3158734999183734,1.650364035982627,-0.25332198145518614,-0.5054794919302983,-0.5522093102564706
-0.8591586062952782,-0.5039638090842861,0.3532556007661869,0.8080584273863395,-1.2078487319155111,0.5384435079170861,-0.21069232142907063,-1.5641067053412625,-0.7048476542178782,2.1381827701565617,-1.2551510532363286,-0.45877088453530557,-0.8093505826280455,0.7620810599675873,2.8160808482586677,0.22757500563535119,-0.5674317620229063,-0.30980348142438835,-0.5287390225021171,1.049864868992167,0.5290888590999198,0.2474369199933479,0.7542733860269708,-1.0928464843548777,0.8753726219582323,0.2534797069669197,-1.9728304139214277,0.3449685653861592,0.44854824266734455,0.31742120534040325,0.6618460478959546,0.8066611222464969,-0.4901200448367663,0.6671559386070707,0.10657267336711618,-0.8217079808403686,-0.006062683337217264,0.17037031924552876,-1.0107603929674256,0.20310064417537932,1.0738766780384892,0.9327441065219861,0.6218111185622008,0.9870331249387622,-0.05001312538747128,-0.4489672625449464,-0.44004665028706447,1.006809723009257,-0.992502484202261,-0.25105141314804136,-0.5544395993230578,1.2891021078540987,0.7190091553005724,-0.8505309465057114,0.35599868437971344,-0.55733873248349,0.3412999440530979,-0.5507623460967136,0.20622919679925011,1.4137551198734262,1.143607826976577,-0.4491141605230065,0.3672442078095177,-0.8403726303837765,-0.17443033049573717,0.5189129961456992,0.21496790086567127,0.1739559902740955,0.03405727846665036,0.08521843123941819,-0.03553079482573494,0.4806584341838796,-0.992281212392996,-1.4320127554701252,2.4815225599053434,-1.677578735756945,-0.009869615156231795,-1.5415958309663047,-0.18576550962525618,-0.1321709949503051,1.3171101065172817,1.247598011672958,0.10570043792642828,-1.616868289700726,0.3855444938372521,1.2276559782222263,-1.042104507669271,-1.1259932079650665,-0.01628085707152427,-0.7362774398121578,1.1993959998137333,-0.46825460787282547,-0.14893351495196333,-0.5779559941644798,-2.1563479278131896,-0.31870339487432786,0.3019670572680211,-2.8718842290370894,0.18462978205580668,-1.10914234170535,-0.20063166321509032,0.14591691891511396,0.10682273834033536,0.03968187125437179,-1.3906816657357484,-0.16363363226502403,-0.8162703923800244,-1.6720250314680938,1.2762374887970551,1.3906712955958447,0.39118241416972926,-0.7320868008712095,1.7114410280442933,-1.702266257988304,-0.09447789518261226,1.264458334139826,0.8220707332528144,-0.38106447816240824,1.1422577604401492,-0.415527807957326,0.6696545408579642,-0.06796108841131153,-0.6385123130015933,0.4328313044260017,-0.06961251406610502,-2.7216109299246405,1.1488513610942062,0.8900833930401307,0.09330370391017338,1.3231536561179151,0.40670484704177995,0.3844767108768627,0.3195343995882989,1.1103405483382467,0.4387628759419471,-0.8726096413294483,-0.11838615730456972,-1.6603553860027191,0.3194213281362978,0.7455978394151526,0.7497925530496499,0.23390699866339995,-1.6596615886361739,-0.13688547168965687,1.4684563563970068,0.5028806593350638,0.5713880681942073,-0.29266143055810084,-0.9490891646985022,-1.2134427995420531,-0.6318180225276249,2.077687823137194,-0.2257096309661444,1.033562887221073,0.2705985955537932,-1.5770258878942893,0.2178593666765413,-0.1764319936861692,-0.07673410821329202,-0.3420222411218027,-1.5491207970921586,0.27852025930525337,-0.031018983194136006,-1.1599719013026975,-0.45784643882081083,0.2727747131506604,0.9456900913388442,0.8529161504202748,-1.466432167153768,-0.16236831009637878,0.12566182248583016,-1.0936832614360397,-0.22899700851938426,1.2390088522575091,-0.9190223468566059,-1.120166570580719,0.20097369228723644,0.6148426574192912,0.16436197222895627,1.987741829578924,0.5218839476210417,-1.086030058339667,0.02269566495862495,0.5291691938266152,0.17416685277083208,0.5130531681912764,-0.8599277616357548,-0.08889188582243812,-0.035336387910027765,0.6964606375439207,-0.22283710045456512,0.967808582218015,0.051127974605770815,0.35860561302964644,-0.045091339130688746,-2.171687789053951,0.5636106972491521,-0.05551528773541037
0.704323170894168,2.1621687289471527,-0.7747627160043902,1.4128585427193345,0.0555126887428977,0.24045487518157754,0.03672917437468096,0.399048141504959,1.427737936683697,-1.1319671799439632,1.0015282510200434,-0.06022135099255985,-0.11493545168532769,-1.4122939873820792,-0.9161741893647388,0.17970921249826713,0.030015063251771074,1.9308081620957804,0.7020821054864766,1.2806359112268666,-0.13027264529143268,1.154558756456928,-1.282300753441855,-1.6878953413669582,-0.7269300640031175,-0.10907581388346614,1.062092379059209,0.8358914117783613,-0.7257494597500785,-0.7124596573875949,-0.40802719366487594,1.3613306007085306,0.580162573724125,1.5771822772314164,-1.0176464901402602,0.8364898855853592,1.6162464233833442,-0.5754548844400994,-0.1987415181073923,-0.1405678314900623,1.904320938628955,-0.27521236077526046,-0.27346656555194154,0.7671676292711679,0.36119411533350576,-0.9041199956095306,0.48555578196518195,0.8548185027264031,-1.6849186890846364,1.0026124289760103,0.07479791376816296,0.16738041052816274,0.05876649311659469,1.160116336837291,0.8762936836299863,0.9674563593920408,0.866887017404795,0.32003711276408714,-0.12133181400767225,0.0399443228643627,-0.5754341405151028,0.2412173168685951,-0.5178438446543309,-0.8776071026160421,-1.4854578597604688,-0.9043817519239032,1.527760337584823,-0.8129651792515699,-1.9739920830364173,-1.3822484994957165,0.40041080229111486,-0.07602301205977534,-0.5550341028937094,0.8387849377061247,-0.1903012456756966,0.6257600411301397,-0.16157008615807641,0.3702176515147503,-0.6344405714866717,-1.1355136727300397,0.46420669565012573,0.18188469711012817,1.5440931558943076,-0.312244835093158,-1.6116471515021698,-1.6038495768550376,-0.6194370002876991,-1.769071164000684,-0.2289523424619834,0.7926733474110158,0.8475217830637505,0.8987651574270293,1.3434251773505619,0.559856129515399,0.6151839233386521,0.23460869731083073,-0.9815360090602253,-1.0767040357766238,-0.8179001142036559,1.2021565106468566,1.0132829760824975,-0.13056265117546922,-0.4356296998375947,-0.7870643023898096,0.6993274769760758,1.7847039872089276,0.7849297954915129,0.5056689205824805,0.18937675716373875,2.0580200351675906,-0.4441195625171427,0.3663888532074844,-0.35684542751535797,0.04487449208008173,1.3496609305005922,0.25341939624382953,-1.4692241223782292,-0.3115651608098124,-1.5770880628708572,0.8568150352067114,0.9653857630469551,-0.26550095166318805,1.6244449599241753,-0.7971431085524223,-0.505570897036266,0.8375008816086935,-0.49852693619193217,-2.1520456580793517,0.6760848814046941,-0.10534183047395491,1.690699142428853,-0.9947209342270794,0.6635578309710009,0.5285512400547997,-1.1440130378151292,-2.4991502424413725,1.1706014673902938,1.1536775400787045,0.484903396148549,-0.04952592422297608,-0.14246184897944,-1.1026795626402313,0.41084504973208547,0.5187548380985557,-0.0045322978326939635,0.05271664307230125,-0.03587142923823047,1.578818451605674,-0.08608421831678394,0.35222780593955855,-0.2733825544082405,-0.0392135906775489,-1.419156195789825,-1.0162488330037893,0.7265380698513341,0.8667784237650484,-1.1089599456326624,-0.5739499521491953,0.9339226352384136,0.3392661489942148,-1.4140392751268256,-2.523583174389986,0.4779260714158523,0.4234977040964139,1.498082396554373,0.9821303737084589,-1.7445552236995086,-0.9958536997325815,1.0824298163597692,-1.2086007177274225,0.33984532514357524,0.9571884923400507,-2.3116467542594723,0.3370624691505164,-1.0982065449058207,-0.9986430035799123,-2.1515509226313516,-0.762518638793756,-1.2480077190167396,0.36395454998841115,1.3026627724904003,0.1578127374345973,0.9881136573180559,-1.4804972169351867,-0.32983306376243315,0.09050070393036613,-0.4862849892584582,-0.4359225118989188,0.7323186206995237,-0.13287794915359186,0.5559358344818686,1.8032354184208925,-0.861444082388744,0.4419319292269162,0.7922424191004025,0.7891724504673098,-0.782966700146518,1.3929319077585767
-1.0307276252156583,-0.06552223581349827,0.2004632514911389,1.6470165807015629,0.27146216239414833,-1.6119650973385162,0.34824620820644847,1.0787834213839431,0.6506049781624181,1.3873061100242536,1.135103219049899,0.9649070522521159,0.03673715779527775,0.4241414116159656,-0.8093322827432715,0.26826429520771317,-0.5163454972363889,1.1240713789795063,-1.4933609139761557,2.6174433114924094,-1.6217672109817913,0.5873866023691787,-2.4395010654188027,0.2256634296374613,-1.1544752526535813,-0.9899742760224193,-0.8459971981198123,-2.10366439818212,-1.5165795726358906,0.04310795626205022,0.18349053017186492,0.020947202302550892,1.808909345293901,-0.39117789685247956,-2.227076486012494,-0.22087422169608006,-0.41763532334833803,-0.7951888512245293,-0.8965432545787836,2.4803154734183694,0.05290002065398676,-0.04515454068648604,-1.9269470573689642,-0.32157195837469565,-0.4770520110111228,1.6375741366084202,-0.7551871285882319,1.1329498057942688,0.8689515314078,-3.7252772012703788,0.42299473216059896,0.5430573874792295,0.025516263570126128,-2.070406124430965,-0.08165970104765172,-1.440936834500236,1.3576793681841788,1.0782599074018107,1.2569708486590743,0.33912021633255357,-0.26526767843110727,-0.5222302908941256,-1.1482979281070944,0.6455125416765976,1.32658696857516,0.6203018245180891,0.13906095928813625,-0.7675603814242701,0.5228277342574509,-0.4892158425749395,1.5500775663986401,2.2212018737412498,-0.36253135887520116,0.6416073181730588,-0.8682828834613129,-1.3570554949331701,-0.8786824076065991,-0.1963787926561835,1.477029080670953,-0.6467571237454613,1.7548245255947308,-0.7490467550065492,-0.9343083266312696,0.6689810561424726,-2.4363634681380053,0.7179520643740627,1.0511613917238007,1.9995712528791219,1.1324394029479996,1.2431673811672834,-0.34047522555931803,0.029705643363278064,-0.42205100323287004,-0.11353140353292634,-1.501136742145957,1.3278095619066803,0.46059823782795556,0.16302053235630098,-0.43008986516408554,1.6128648981697333,-0.47187141959375783,-0.31527053049129267,1.1905980565440206,1.0477261739755726,-0.272823041857559,0.21277987632488363,0.918792567834691,2.0450606783712835,0.8303139427055305,-1.5652256835153873,0.6236064238553529,1.5750498665724366,-0.3295761101869042,-0.23516093970148222,0.7281419292663713,-1.0743205729434853,1.461778863565808,-0.9187213148231971,0.6910215911578261,-2.877561415157064,0.4434367657338375,0.6001837815069107,1.0729331297123972,-0.21187366828793325,-1.406044584822714,-1.008115384220183,0.8397670334530047,-0.750464458024567,1.3041082983948415,-0.9550210426700206,-0.24453301056969906,-0.4378641776069999,-1.2912293067527856,1.904979914798434,0.5796169425530824,0.7947661255261913,0.4032037963461185,-1.1412516880393717,-0.20937031631374275,-0.3306878104430265,0.8850719532223604,1.2731762019732238,0.9343397983921367,-0.003335007917968546,0.8367581689970293,-0.2701227784194887,0.6654895218487403,-0.22894364984839158,0.7146950345628208,-0.9809075417178849,-0.12790484742807123,-1.2278565965375787,0.35829206005240977,0.07765950245289761,-1.2009363878415966,-0.12848507805033565,0.7881990037636075,0.4810966319667069,-0.7163175753658528,-1.1291782296874078,0.37571488473740156,0.3325753863763328,-0.29792826496612906,-2.044811571804788,1.62069354614488,0.9067219649795187,0.990332295431174,0.5531882941300093,1.4023709916948497,0.003124036892490511,0.68364849728008,-0.849664711950958,0.7369650826257654,1.0148647903227506,0.533801364021624,1.3847851792057853,0.5758695331771496,-1.442438732354421,0.3573587475048715,0.1464459950980648,-0.41118870619280223,0.8815012779683087,2.146089232726768,-1.5733698676396761,-0.665391444180636,2.1229882968090004,-0.5561526582194923,-0.7667611824978321,-0.39390274972041484,-0.6862510337979838,-0.9150113410998282,-1.6170029255765033,-0.37639776127066543,-1.1781097105651657,-1.2877627230629918,0.8497313659166319,-0.0007125011759661035,-0.4087984296904462
